Spotify__	OpenSpotify__	otwórz spotify 	 o o
Spotify__	OpenSpotify__	otwórz spotify i zagraj 	 o o o o
Spotify__	OpenSpotify__	otwórz spotify i zagraj coś 	 o o o o o
Spotify__	OpenSpotify__	otwórz spotify i zagraj mi 	 o o o o o
Spotify__	OpenSpotify__	otwórz spotify i zagraj mi coś 	 o o o o o o
Spotify__	OpenSpotify__	otwórz spotify włącz muzykę 	 o o o o
Spotify__	OpenSpotify__	otwórz spotify włącz jakąś muzykę 	 o o o o o
Spotify__	OpenSpotify__	otwórz spotify puść muzykę 	 o o o o
Spotify__	OpenSpotify__	użyj spotify 	 o o
Spotify__	OpenSpotify__	użyj spotify i zagraj 	 o o o o
Spotify__	OpenSpotify__	użyj spotify i zagraj coś 	 o o o o o
Spotify__	OpenSpotify__	użyj spotify i zagraj mi 	 o o o o o
Spotify__	OpenSpotify__	użyj spotify i zagraj mi coś 	 o o o o o o
Spotify__	OpenSpotify__	użyj spotify włącz muzykę 	 o o o o
Spotify__	OpenSpotify__	użyj spotify włącz jakąś muzykę 	 o o o o o
Spotify__	OpenSpotify__	użyj spotify puść muzykę 	 o o o o
Spotify__	PlaySong__	graj missing na spotify 	 o b-song o o
Spotify__	PlaySong__	graj piosenkę body na spotify 	 o o b-song o o
Spotify__	PlaySong__	zagraj wake up next to god na spotify 	 o b-song i-song i-song i-song i-song o o
Spotify__	PlaySong__	zagraj piosenkę got you na spotify 	 o o b-song i-song o o
Spotify__	PlaySongByArtist__	graj what is she waring angel olsen 	 o b-song i-song i-song i-song b-artist i-artist
Spotify__	PlaySongByArtist__	graj the city of roses lightning bolt na spotify 	 o b-song i-song i-song i-song b-artist i-artist o o
Spotify__	PlaySongByArtist__	graj fantas artysty boy harsher 	 o b-song o b-artist i-artist
Spotify__	PlaySongByArtist__	graj end of my bloodline artysty metronomy na spotify 	 o b-song i-song i-song i-song o b-artist o o
Spotify__	PlaySongByArtist__	graj follow you w wykonaniu fennesz 	 o b-song i-song o o b-artist
Spotify__	PlaySongByArtist__	graj choo choo w wykonaniu tool na spotify 	 o b-song i-song o o b-artist o o
Spotify__	PlaySongByArtist__	graj piosenkę the arrow of our youth alex cameron 	 o o b-song i-song i-song i-song i-song b-artist i-artist
Spotify__	PlaySongByArtist__	graj piosenkę birth of violence slow thai na spotify 	 o o b-song i-song i-song b-artist i-artist o o
Spotify__	PlaySongByArtist__	graj piosenkę an ambulance artysty shellac 	 o o b-song i-song o b-artist
Spotify__	PlaySongByArtist__	graj piosenkę nothing has to be true artysty xiu xiu na spotify 	 o o b-song i-song i-song i-song i-song o b-artist i-artist o o
Spotify__	PlaySongByArtist__	graj piosenkę necromania w wykonaniu mac miller 	 o o b-song o o b-artist i-artist
Spotify__	PlaySongByArtist__	graj piosenkę slowboat w wykonaniu felicia atkinson na spotify 	 o o b-song o o b-artist i-artist o o
Spotify__	PlaySongByArtist__	zagraj perfume glass beach 	 o b-song b-artist i-artist
Spotify__	PlaySongByArtist__	zagraj paco andy shauf na spotify 	 o b-song b-artist i-artist o o
Spotify__	PlaySongByArtist__	zagraj new years eve artysty electric wizard 	 o b-song i-song i-song o b-artist i-artist
Spotify__	PlaySongByArtist__	zagraj bad liar artysty king gizzard and the lizard wizard na spotify 	 o b-song i-song o b-artist i-artist i-artist i-artist i-artist i-artist o o
Spotify__	PlaySongByArtist__	zagraj the man with no heart or brain w wykonaniu modest mouse 	 o b-song i-song i-song i-song i-song i-song i-song o o b-artist i-artist
Spotify__	PlaySongByArtist__	zagraj paper boy w wykonaniu matmos na spotify 	 o b-song i-song o o b-artist o o
Spotify__	PlaySongByArtist__	zagraj piosenkę run to me lee gamble 	 o o b-song i-song i-song b-artist i-artist
Spotify__	PlaySongByArtist__	zagraj piosenkę irato felt na spotify 	 o o b-song b-artist o o
Spotify__	PlaySongByArtist__	zagraj piosenkę any human friend artysty mike krol 	 o o b-song i-song i-song o b-artist i-artist
Spotify__	PlaySongByArtist__	zagraj piosenkę we are surrounded artysty william basinski na spotify 	 o o b-song i-song i-song o b-artist i-artist o o
Spotify__	PlaySongByArtist__	zagraj piosenkę of the past w wykonaniu dawid podsiadlo 	 o o b-song i-song i-song o o b-artist i-artist
Spotify__	PlaySongByArtist__	zagraj piosenkę list of boys w wykonaniu american football na spotify 	 o o b-song i-song i-song o o b-artist i-artist o o
Spotify__	PlaySongByArtist__	zagraj the black thunder what a time to be alive 	 o b-artist i-artist i-artist b-song i-song i-song i-song i-song i-song
Spotify__	PlaySongByArtist__	graj matana roberts climbing the walls 	 o b-artist i-artist b-song i-song i-song
Spotify__	PlayAlbumOfTypeByArtist__	graj this is how you smile}_TYPE stamina rrose 	 o b-album i-album i-album i-album i-album b-album b-artist
Spotify__	PlayAlbumOfTypeByArtist__	graj anima}_TYPE first taste floating points na spotify 	 o b-album b-album i-album b-artist i-artist o o
Spotify__	PlayAlbumOfTypeByArtist__	graj of the sun}_TYPE norman fucking rockwell od black midi 	 o b-album i-album i-album b-album i-album i-album o b-artist i-artist
Spotify__	PlayAlbumOfTypeByArtist__	graj igor}_TYPE autoclave od julia jacklin na spotify 	 o b-album b-album o b-artist i-artist o o
Spotify__	PlayAlbumOfTypeByArtist__	graj year one demos}_TYPE black friday wykonawcy richard dawson 	 o b-album i-album i-album b-album i-album o b-artist i-artist
Spotify__	PlayAlbumOfTypeByArtist__	graj agora}_TYPE 1000 gecs wykonawcy purple mountains na spotify 	 o b-album b-album i-album o b-artist i-artist o o
Spotify__	PlayAlbumOfTypeByArtist__	zagraj the after life}_TYPE miami memory ty segall 	 o b-album i-album i-album b-album i-album b-artist i-artist
Spotify__	PlayAlbumOfTypeByArtist__	zagraj the dial}_TYPE my name is dark ash koosha na spotify 	 o b-album i-album b-album i-album i-album i-album b-artist i-artist o o
Spotify__	PlayAlbumOfTypeByArtist__	zagraj flamagra}_TYPE hyperion od kelly moran 	 o b-album b-album o b-artist i-artist
Spotify__	PlayAlbumOfTypeByArtist__	zagraj uncovered}_TYPE on time out of time od bon iver na spotify 	 o b-album b-album i-album i-album i-album i-album o b-artist i-artist o o
Spotify__	PlayAlbumOfTypeByArtist__	zagraj commit yourself completly}_TYPE birth of violence wykonawcy radiohead 	 o b-album i-album i-album b-album i-album i-album o b-artist
Spotify__	PlayAlbumOfTypeByArtist__	zagraj reward}_TYPE the talkies wykonawcy pond na spotify 	 o b-album b-album i-album o b-artist o o
Spotify__	Pause__	odtwarzaj tę posenkę 	 o o o
Spotify__	Pause__	odtwarzaj tę posenkę na spotify 	 o o o o o
Spotify__	Pause__	odtwarzaj ten utwór 	 o o o
Spotify__	Pause__	odtwarzaj ten utwór na spotify 	 o o o o o
Spotify__	Pause__	odtwarzaj ten kawałek 	 o o o
Spotify__	Pause__	odtwarzaj ten kawałek na spotify 	 o o o o o
Spotify__	Pause__	pauza tę posenkę 	 o o o
Spotify__	Pause__	pauza tę posenkę na spotify 	 o o o o o
Spotify__	Pause__	pauza ten utwór 	 o o o
Spotify__	Pause__	pauza ten utwór na spotify 	 o o o o o
Spotify__	Pause__	pauza ten kawałek 	 o o o
Spotify__	Pause__	pauza ten kawałek na spotify 	 o o o o o
Spotify__	Pause__	wznów tę posenkę 	 o o o
Spotify__	Pause__	wznów tę posenkę na spotify 	 o o o o o
Spotify__	Pause__	wznów ten utwór 	 o o o
Spotify__	Pause__	wznów ten utwór na spotify 	 o o o o o
Spotify__	Pause__	wznów ten kawałek 	 o o o
Spotify__	Pause__	wznów ten kawałek na spotify 	 o o o o o
Spotify__	Pause__	powtórz tę posenkę 	 o o o
Spotify__	Pause__	powtórz tę posenkę na spotify 	 o o o o o
Spotify__	Pause__	powtórz ten utwór 	 o o o
Spotify__	Pause__	powtórz ten utwór na spotify 	 o o o o o
Spotify__	Pause__	powtórz ten kawałek 	 o o o
Spotify__	Pause__	powtórz ten kawałek na spotify 	 o o o o o
Spotify__	NextSong__	 	 o
Spotify__	NextSong__	na spotify 	 o o
Spotify__	NextSong__	graj następną piosenkę 	 o o o
Spotify__	NextSong__	graj następną piosenkę na spotify 	 o o o o o
Spotify__	NextSong__	graj następną utwór 	 o o o
Spotify__	NextSong__	graj następną utwór na spotify 	 o o o o o
Spotify__	NextSong__	graj następną kawałek 	 o o o
Spotify__	NextSong__	graj następną kawałek na spotify 	 o o o o o
Spotify__	NextSong__	zagraj następną piosenkę 	 o o o
Spotify__	NextSong__	zagraj następną piosenkę na spotify 	 o o o o o
Spotify__	NextSong__	zagraj następną utwór 	 o o o
Spotify__	NextSong__	zagraj następną utwór na spotify 	 o o o o o
Spotify__	NextSong__	zagraj następną kawałek 	 o o o
Spotify__	NextSong__	zagraj następną kawałek na spotify 	 o o o o o
Spotify__	NextSong__	następna piosenka 	 o o
Spotify__	NextSong__	następna piosenka na spotify 	 o o o o
Spotify__	NextSong__	następna utwór 	 o o
Spotify__	NextSong__	następna utwór na spotify 	 o o o o
Spotify__	NextSong__	następna kawałek 	 o o
Spotify__	NextSong__	następna kawałek na spotify 	 o o o o
Spotify__	PreviousSong__	 	 o
Spotify__	PreviousSong__	na spotify 	 o o
Spotify__	PreviousSong__	graj poprzednią piosenkę 	 o o o
Spotify__	PreviousSong__	graj poprzednią piosenkę na spotify 	 o o o o o
Spotify__	PreviousSong__	graj poprzednią utwór 	 o o o
Spotify__	PreviousSong__	graj poprzednią utwór na spotify 	 o o o o o
Spotify__	PreviousSong__	graj poprzednią kawałek 	 o o o
Spotify__	PreviousSong__	graj poprzednią kawałek na spotify 	 o o o o o
Spotify__	PreviousSong__	zagraj poprzednią piosenkę 	 o o o
Spotify__	PreviousSong__	zagraj poprzednią piosenkę na spotify 	 o o o o o
Spotify__	PreviousSong__	zagraj poprzednią utwór 	 o o o
Spotify__	PreviousSong__	zagraj poprzednią utwór na spotify 	 o o o o o
Spotify__	PreviousSong__	zagraj poprzednią kawałek 	 o o o
Spotify__	PreviousSong__	zagraj poprzednią kawałek na spotify 	 o o o o o
Spotify__	PreviousSong__	poprzednia piosenka 	 o o
Spotify__	PreviousSong__	poprzednia piosenka na spotify 	 o o o o
Spotify__	PreviousSong__	poprzednia utwór 	 o o
Spotify__	PreviousSong__	poprzednia utwór na spotify 	 o o o o
Spotify__	PreviousSong__	poprzednia kawałek 	 o o
Spotify__	PreviousSong__	poprzednia kawałek na spotify 	 o o o o
Spotify__	PlayPlaylist__	graj listę punk unleashed 	 o o b-playlist i-playlist
Spotify__	PlayPlaylist__	graj listę scenic drive na spotify 	 o o b-playlist i-playlist o o
Spotify__	PlayPlaylist__	graj playlistę deep house 	 o o b-playlist i-playlist
Spotify__	PlayPlaylist__	graj playlistę all about that brass na spotify 	 o o b-playlist i-playlist i-playlist i-playlist o o
Spotify__	PlayPlaylist__	graj listę odtwarzania techono 90s 	 o o o b-playlist i-playlist
Spotify__	PlayPlaylist__	graj listę odtwarzania power hour na spotify 	 o o o b-playlist i-playlist o o
Spotify__	PlayPlaylist__	graj moją listę evening groove 	 o o o b-playlist i-playlist
Spotify__	PlayPlaylist__	graj moją listę billboard hot 100 na spotify 	 o o o b-playlist i-playlist i-playlist o o
Spotify__	PlayPlaylist__	graj moją playlistę need for speed 	 o o o b-playlist i-playlist i-playlist
Spotify__	PlayPlaylist__	graj moją playlistę modern chill rock na spotify 	 o o o b-playlist i-playlist i-playlist o o
Spotify__	PlayPlaylist__	graj moją listę odtwarzania mint 	 o o o o b-playlist
Spotify__	PlayPlaylist__	graj moją listę odtwarzania inspirational walk na spotify 	 o o o o b-playlist i-playlist o o
Spotify__	PlayPlaylist__	zagraj listę sad indie 	 o o b-playlist i-playlist
Spotify__	PlayPlaylist__	zagraj listę feelin myself na spotify 	 o o b-playlist i-playlist o o
Spotify__	PlayPlaylist__	zagraj playlistę rage beats 	 o o b-playlist i-playlist
Spotify__	PlayPlaylist__	zagraj playlistę country coffeehouse na spotify 	 o o b-playlist i-playlist o o
Spotify__	PlayPlaylist__	zagraj listę odtwarzania hot country 	 o o o b-playlist i-playlist
Spotify__	PlayPlaylist__	zagraj listę odtwarzania piano study na spotify 	 o o o b-playlist i-playlist o o
Spotify__	PlayPlaylist__	zagraj moją listę undercurrents 	 o o o b-playlist
Spotify__	PlayPlaylist__	zagraj moją listę blues origins na spotify 	 o o o b-playlist i-playlist o o
Spotify__	PlayPlaylist__	zagraj moją playlistę retrowave 	 o o o b-playlist
Spotify__	PlayPlaylist__	zagraj moją playlistę cardio na spotify 	 o o o b-playlist o o
Spotify__	PlayPlaylist__	zagraj moją listę odtwarzania get turnt 	 o o o o b-playlist i-playlist
Spotify__	PlayPlaylist__	zagraj moją listę odtwarzania your daily routine na spotify 	 o o o o b-playlist i-playlist i-playlist o o
Spotify__	AddSongToPlaylistWithName__	dodaj tę piosenkę do playlisty damily road trip 	 o o o o o b-playlist i-playlist i-playlist
Spotify__	AddSongToPlaylistWithName__	dodaj tę piosenkę do playlisty o nazwie texas music now 	 o o o o o o o b-playlist i-playlist i-playlist
Spotify__	AddSongToPlaylistWithName__	dodaj tę piosenkę do playlisty która się nazywa homage 	 o o o o o o o o b-playlist
Spotify__	AddSongToPlaylistWithName__	dodaj tę piosenkę do listy odtwarzania iconic soundtracks 	 o o o o o o b-playlist i-playlist
Spotify__	AddSongToPlaylistWithName__	dodaj tę piosenkę do listy odtwarzania o nazwie kickass metal 	 o o o o o o o o b-playlist i-playlist
Spotify__	AddSongToPlaylistWithName__	dodaj tę piosenkę do listy odtwarzania która się nazywa friday cratediggers 	 o o o o o o o o o b-playlist i-playlist
Spotify__	AddSongToPlaylistWithName__	dodaj tę piosenkę do listy piano in the background 	 o o o o o b-playlist i-playlist i-playlist i-playlist
Spotify__	AddSongToPlaylistWithName__	dodaj tę piosenkę do listy o nazwie bass arcade 	 o o o o o o o b-playlist i-playlist
Spotify__	AddSongToPlaylistWithName__	dodaj tę piosenkę do listy która się nazywa ocean escapes 	 o o o o o o o o b-playlist i-playlist
Spotify__	AddSongToPlaylistWithName__	dodaj tę piosenkę do mojej playlisty heavy queens 	 o o o o o o b-playlist i-playlist
Spotify__	AddSongToPlaylistWithName__	dodaj tę piosenkę do mojej playlisty o nazwie rap uk 	 o o o o o o o o b-playlist i-playlist
Spotify__	AddSongToPlaylistWithName__	dodaj tę piosenkę do mojej playlisty która się nazywa alternative beats 	 o o o o o o o o o b-playlist i-playlist
Spotify__	AddSongToPlaylistWithName__	dodaj tę piosenkę do mojej listy odtwarzania blues classics 	 o o o o o o o b-playlist i-playlist
Spotify__	AddSongToPlaylistWithName__	dodaj tę piosenkę do mojej listy odtwarzania o nazwie love pop 	 o o o o o o o o o b-playlist i-playlist
Spotify__	AddSongToPlaylistWithName__	dodaj tę piosenkę do mojej listy odtwarzania która się nazywa mind and body 	 o o o o o o o o o o b-playlist i-playlist i-playlist
Spotify__	AddSongToPlaylistWithName__	dodaj tę piosenkę do mojej listy classical romance 	 o o o o o o b-playlist i-playlist
Spotify__	AddSongToPlaylistWithName__	dodaj tę piosenkę do mojej listy o nazwie metal empire 	 o o o o o o o o b-playlist i-playlist
Spotify__	AddSongToPlaylistWithName__	dodaj tę piosenkę do mojej listy która się nazywa 100 uplifting songs 	 o o o o o o o o o b-playlist i-playlist i-playlist
Spotify__	AddSongToPlaylistWithName__	dodaj ten utwór do playlisty romantic ballads 	 o o o o o b-playlist i-playlist
Spotify__	AddSongToPlaylistWithName__	dodaj ten utwór do playlisty o nazwie workday lounge 	 o o o o o o o b-playlist i-playlist
Spotify__	AddSongToPlaylistWithName__	dodaj ten utwór do playlisty która się nazywa floating through space 	 o o o o o o o o b-playlist i-playlist i-playlist
Spotify__	AddSongToPlaylistWithName__	dodaj ten utwór do listy odtwarzania cinematic indie folk 	 o o o o o o b-playlist i-playlist i-playlist
Spotify__	AddSongToPlaylistWithName__	dodaj ten utwór do listy odtwarzania o nazwie signed xoxo 	 o o o o o o o o b-playlist i-playlist
Spotify__	AddSongToPlaylistWithName__	dodaj ten utwór do listy odtwarzania która się nazywa metalcore classics 	 o o o o o o o o o b-playlist i-playlist
Spotify__	AddSongToPlaylistWithName__	dodaj ten utwór do listy all 80s out 	 o o o o o b-playlist i-playlist i-playlist
Spotify__	AddSongToPlaylistWithName__	dodaj ten utwór do listy o nazwie beach music 	 o o o o o o o b-playlist i-playlist
Spotify__	AddSongToPlaylistWithName__	dodaj ten utwór do listy która się nazywa electronic focus 	 o o o o o o o o b-playlist i-playlist
Spotify__	AddSongToPlaylistWithName__	dodaj ten utwór do mojej playlisty push button funk 	 o o o o o o b-playlist i-playlist i-playlist
Spotify__	AddSongToPlaylistWithName__	dodaj ten utwór do mojej playlisty o nazwie pacefull meditation 	 o o o o o o o o b-playlist i-playlist
Spotify__	AddSongToPlaylistWithName__	dodaj ten utwór do mojej playlisty która się nazywa badass women 	 o o o o o o o o o b-playlist i-playlist
Spotify__	AddSongToPlaylistWithName__	dodaj ten utwór do mojej listy odtwarzania anti pop 	 o o o o o o o b-playlist i-playlist
Spotify__	AddSongToPlaylistWithName__	dodaj ten utwór do mojej listy odtwarzania o nazwie rock ballads 	 o o o o o o o o o b-playlist i-playlist
Spotify__	AddSongToPlaylistWithName__	dodaj ten utwór do mojej listy odtwarzania która się nazywa evening stroll 	 o o o o o o o o o o b-playlist i-playlist
Spotify__	AddSongToPlaylistWithName__	dodaj ten utwór do mojej listy kitchen swagger 	 o o o o o o b-playlist i-playlist
Spotify__	AddSongToPlaylistWithName__	dodaj ten utwór do mojej listy o nazwie grime shutdown 	 o o o o o o o o b-playlist i-playlist
Spotify__	AddSongToPlaylistWithName__	dodaj ten utwór do mojej listy która się nazywa synths and strings 	 o o o o o o o o o b-playlist i-playlist i-playlist
Spotify__	AddSongToPlaylistWithName__	dodaj ten kawałek do playlisty reading and chill out 	 o o o o o b-playlist i-playlist i-playlist i-playlist
Spotify__	AddSongToPlaylistWithName__	dodaj ten kawałek do playlisty o nazwie new noise 	 o o o o o o o b-playlist i-playlist
Spotify__	AddSongToPlaylistWithName__	dodaj ten kawałek do playlisty która się nazywa detox 	 o o o o o o o o b-playlist
Spotify__	AddSongToPlaylistWithName__	dodaj ten kawałek do listy odtwarzania jukebox joint 	 o o o o o o b-playlist i-playlist
Spotify__	AddSongToPlaylistWithName__	dodaj ten kawałek do listy odtwarzania o nazwie short and sweet 	 o o o o o o o o b-playlist i-playlist i-playlist
Spotify__	AddSongToPlaylistWithName__	dodaj ten kawałek do listy odtwarzania która się nazywa sleep 	 o o o o o o o o o b-playlist
Spotify__	AddSongToPlaylistWithName__	dodaj ten kawałek do listy top gaming tracks 	 o o o o o b-playlist i-playlist i-playlist
Spotify__	AddSongToPlaylistWithName__	dodaj ten kawałek do listy o nazwie off the strength 	 o o o o o o o b-playlist i-playlist i-playlist
Spotify__	AddSongToPlaylistWithName__	dodaj ten kawałek do listy która się nazywa hit dancefloor 	 o o o o o o o o b-playlist i-playlist
Spotify__	AddSongToPlaylistWithName__	dodaj ten kawałek do mojej playlisty love me 	 o o o o o o b-playlist i-playlist
Spotify__	AddSongToPlaylistWithName__	dodaj ten kawałek do mojej playlisty o nazwie readn and unwind 	 o o o o o o o o b-playlist i-playlist i-playlist
Spotify__	AddSongToPlaylistWithName__	dodaj ten kawałek do mojej playlisty która się nazywa rock party 	 o o o o o o o o o b-playlist i-playlist
Spotify__	AddSongToPlaylistWithName__	dodaj ten kawałek do mojej listy odtwarzania paceful piano 	 o o o o o o o b-playlist i-playlist
Spotify__	AddSongToPlaylistWithName__	dodaj ten kawałek do mojej listy odtwarzania o nazwie old school metal 	 o o o o o o o o o b-playlist i-playlist i-playlist
Spotify__	AddSongToPlaylistWithName__	dodaj ten kawałek do mojej listy odtwarzania która się nazywa reading soundtrack 	 o o o o o o o o o o b-playlist i-playlist
Spotify__	AddSongToPlaylistWithName__	dodaj ten kawałek do mojej listy classical music explained 	 o o o o o o b-playlist i-playlist i-playlist
Spotify__	AddSongToPlaylistWithName__	dodaj ten kawałek do mojej listy o nazwie sub low 	 o o o o o o o o b-playlist i-playlist
Spotify__	AddSongToPlaylistWithName__	dodaj ten kawałek do mojej listy która się nazywa soulfull disco 	 o o o o o o o o o b-playlist i-playlist
Spotify__	AddSongToPlaylistWithName__	zapisz tę piosenkę do playlisty riffs and runs 	 o o o o o b-playlist i-playlist i-playlist
Spotify__	AddSongToPlaylistWithName__	zapisz tę piosenkę do playlisty o nazwie country rocks 	 o o o o o o o b-playlist i-playlist
Spotify__	AddSongToPlaylistWithName__	zapisz tę piosenkę do playlisty która się nazywa songs to sing in the shower 	 o o o o o o o o b-playlist i-playlist i-playlist i-playlist i-playlist i-playlist
Spotify__	AddSongToPlaylistWithName__	zapisz tę piosenkę do listy odtwarzania walk like a badass 	 o o o o o o b-playlist i-playlist i-playlist i-playlist
Spotify__	AddSongToPlaylistWithName__	zapisz tę piosenkę do listy odtwarzania o nazwie piano dinner 	 o o o o o o o o b-playlist i-playlist
Spotify__	AddSongToPlaylistWithName__	zapisz tę piosenkę do listy odtwarzania która się nazywa daydreamer 	 o o o o o o o o o b-playlist
Spotify__	AddSongToPlaylistWithName__	zapisz tę piosenkę do listy fantasy board gaming 	 o o o o o b-playlist i-playlist i-playlist
Spotify__	AddSongToPlaylistWithName__	zapisz tę piosenkę do listy o nazwie reading adventure 	 o o o o o o o b-playlist i-playlist
Spotify__	AddSongToPlaylistWithName__	zapisz tę piosenkę do listy która się nazywa next from nashville 	 o o o o o o o o b-playlist i-playlist i-playlist
Spotify__	AddSongToPlaylistWithName__	zapisz tę piosenkę do mojej playlisty mega hit mix 	 o o o o o o b-playlist i-playlist i-playlist
Spotify__	AddSongToPlaylistWithName__	zapisz tę piosenkę do mojej playlisty o nazwie forever country 	 o o o o o o o o b-playlist i-playlist
Spotify__	AddSongToPlaylistWithName__	zapisz tę piosenkę do mojej playlisty która się nazywa summer reading 	 o o o o o o o o o b-playlist i-playlist
Spotify__	AddSongToPlaylistWithName__	zapisz tę piosenkę do mojej listy odtwarzania legendary women of country 	 o o o o o o o b-playlist i-playlist i-playlist i-playlist
Spotify__	AddSongToPlaylistWithName__	zapisz tę piosenkę do mojej listy odtwarzania o nazwie massive drum and bass 	 o o o o o o o o o b-playlist i-playlist i-playlist i-playlist
Spotify__	AddSongToPlaylistWithName__	zapisz tę piosenkę do mojej listy odtwarzania która się nazywa push ups 	 o o o o o o o o o o b-playlist i-playlist
Spotify__	AddSongToPlaylistWithName__	zapisz tę piosenkę do mojej listy beer and wings 	 o o o o o o b-playlist i-playlist i-playlist
Spotify__	AddSongToPlaylistWithName__	zapisz tę piosenkę do mojej listy o nazwie lets get funky 	 o o o o o o o o b-playlist i-playlist i-playlist
Spotify__	AddSongToPlaylistWithName__	zapisz tę piosenkę do mojej listy która się nazywa calming acoustic 	 o o o o o o o o o b-playlist i-playlist
Spotify__	AddSongToPlaylistWithName__	zapisz ten utwór do playlisty weekend 	 o o o o o b-playlist
Spotify__	AddSongToPlaylistWithName__	zapisz ten utwór do playlisty o nazwie nature sounds 	 o o o o o o o b-playlist i-playlist
Spotify__	AddSongToPlaylistWithName__	zapisz ten utwór do playlisty która się nazywa work 	 o o o o o o o o b-playlist
Spotify__	AddSongToPlaylistWithName__	zapisz ten utwór do listy odtwarzania early alternatives 	 o o o o o o b-playlist i-playlist
Spotify__	AddSongToPlaylistWithName__	zapisz ten utwór do listy odtwarzania o nazwie baby sleep 	 o o o o o o o o b-playlist i-playlist
Spotify__	AddSongToPlaylistWithName__	zapisz ten utwór do listy odtwarzania która się nazywa wine and dine 	 o o o o o o o o o b-playlist i-playlist i-playlist
Spotify__	AddSongToPlaylistWithName__	zapisz ten utwór do listy anti valentine's day 	 o o o o o b-playlist i-playlist i-playlist
Spotify__	AddSongToPlaylistWithName__	zapisz ten utwór do listy o nazwie stripped down 	 o o o o o o o b-playlist i-playlist
Spotify__	AddSongToPlaylistWithName__	zapisz ten utwór do listy która się nazywa funk outta here 	 o o o o o o o o b-playlist i-playlist i-playlist
Spotify__	AddSongToPlaylistWithName__	zapisz ten utwór do mojej playlisty your office stereo 	 o o o o o o b-playlist i-playlist i-playlist
Spotify__	AddSongToPlaylistWithName__	zapisz ten utwór do mojej playlisty o nazwie piano variations 	 o o o o o o o o b-playlist i-playlist
Spotify__	AddSongToPlaylistWithName__	zapisz ten utwór do mojej playlisty która się nazywa rise up 	 o o o o o o o o o b-playlist i-playlist
Spotify__	AddSongToPlaylistWithName__	zapisz ten utwór do mojej listy odtwarzania totally stress free 	 o o o o o o o b-playlist i-playlist i-playlist
Spotify__	AddSongToPlaylistWithName__	zapisz ten utwór do mojej listy odtwarzania o nazwie greatest songs ever 	 o o o o o o o o o b-playlist i-playlist i-playlist
Spotify__	AddSongToPlaylistWithName__	zapisz ten utwór do mojej listy odtwarzania która się nazywa acoustic love 	 o o o o o o o o o o b-playlist i-playlist
Spotify__	AddSongToPlaylistWithName__	zapisz ten utwór do mojej listy garage rock revival 	 o o o o o o b-playlist i-playlist i-playlist
Spotify__	AddSongToPlaylistWithName__	zapisz ten utwór do mojej listy o nazwie the cookout 	 o o o o o o o o b-playlist i-playlist
Spotify__	AddSongToPlaylistWithName__	zapisz ten utwór do mojej listy która się nazywa cozy acoustic morning 	 o o o o o o o o o b-playlist i-playlist i-playlist
Spotify__	AddSongToPlaylistWithName__	zapisz ten kawałek do playlisty new music nashville 	 o o o o o b-playlist i-playlist i-playlist
Spotify__	AddSongToPlaylistWithName__	zapisz ten kawałek do playlisty o nazwie rock classics 	 o o o o o o o b-playlist i-playlist
Spotify__	AddSongToPlaylistWithName__	zapisz ten kawałek do playlisty która się nazywa classical reading 	 o o o o o o o o b-playlist i-playlist
Spotify__	AddSongToPlaylistWithName__	zapisz ten kawałek do listy odtwarzania northern spirits 	 o o o o o o b-playlist i-playlist
Spotify__	AddSongToPlaylistWithName__	zapisz ten kawałek do listy odtwarzania o nazwie country nights 	 o o o o o o o o b-playlist i-playlist
Spotify__	AddSongToPlaylistWithName__	zapisz ten kawałek do listy odtwarzania która się nazywa house focus 	 o o o o o o o o o b-playlist i-playlist
Spotify__	AddSongToPlaylistWithName__	zapisz ten kawałek do listy daily lift 	 o o o o o b-playlist i-playlist
Spotify__	AddSongToPlaylistWithName__	zapisz ten kawałek do listy o nazwie nightstorms 	 o o o o o o o b-playlist
Spotify__	AddSongToPlaylistWithName__	zapisz ten kawałek do listy która się nazywa knitting party 	 o o o o o o o o b-playlist i-playlist
Spotify__	AddSongToPlaylistWithName__	zapisz ten kawałek do mojej playlisty funk soul disco 	 o o o o o o b-playlist i-playlist i-playlist
Spotify__	AddSongToPlaylistWithName__	zapisz ten kawałek do mojej playlisty o nazwie sunny beats 	 o o o o o o o o b-playlist i-playlist
Spotify__	AddSongToPlaylistWithName__	zapisz ten kawałek do mojej playlisty która się nazywa lofi hip hop 	 o o o o o o o o o b-playlist i-playlist i-playlist
Spotify__	AddSongToPlaylistWithName__	zapisz ten kawałek do mojej listy odtwarzania pitch black techno 	 o o o o o o o b-playlist i-playlist i-playlist
Spotify__	AddSongToPlaylistWithName__	zapisz ten kawałek do mojej listy odtwarzania o nazwie country rock 	 o o o o o o o o o b-playlist i-playlist
Spotify__	AddSongToPlaylistWithName__	zapisz ten kawałek do mojej listy odtwarzania która się nazywa domino sound system 	 o o o o o o o o o o b-playlist i-playlist i-playlist
Spotify__	AddSongToPlaylistWithName__	zapisz ten kawałek do mojej listy have a great day 	 o o o o o o b-playlist i-playlist i-playlist i-playlist
Spotify__	AddSongToPlaylistWithName__	zapisz ten kawałek do mojej listy o nazwie acoustic concentration 	 o o o o o o o o b-playlist i-playlist
Spotify__	AddSongToPlaylistWithName__	zapisz ten kawałek do mojej listy która się nazywa i love my rnb 	 o o o o o o o o o b-playlist i-playlist i-playlist i-playlist
Spotify__	AddSongWithNameToPlaylistWithName__	dodaj the crossing guard do playlisty shuffle syndrome 	 o b-song i-song i-song o o b-playlist i-playlist
Spotify__	AddSongWithNameToPlaylistWithName__	dodaj intro do playlisty o nazwie all the rage 	 o b-song o o o o b-playlist i-playlist i-playlist
Spotify__	AddSongWithNameToPlaylistWithName__	dodaj jupiter 4 do playlisty która się nazywa keep calm 	 o b-song i-song o o o o o b-playlist i-playlist
Spotify__	AddSongWithNameToPlaylistWithName__	dodaj all spies do listy odtwarzania rock gaming 	 o b-song i-song o o o b-playlist i-playlist
Spotify__	AddSongWithNameToPlaylistWithName__	dodaj blow to the head do listy odtwarzania o nazwie wake up happy 	 o b-song i-song i-song i-song o o o o o b-playlist i-playlist i-playlist
Spotify__	AddSongWithNameToPlaylistWithName__	dodaj not this time do listy odtwarzania która się nazywa one more rap 	 o b-song i-song i-song o o o o o o b-playlist i-playlist i-playlist
Spotify__	AddSongWithNameToPlaylistWithName__	dodaj plastic do listy lute music for alchemists 	 o b-song o o b-playlist i-playlist i-playlist i-playlist
Spotify__	AddSongWithNameToPlaylistWithName__	dodaj glue do listy o nazwie garage jams 	 o b-song o o o o b-playlist i-playlist
Spotify__	AddSongWithNameToPlaylistWithName__	dodaj you should see me in a crown do listy która się nazywa cry yourself to sleep 	 o b-song i-song i-song i-song i-song i-song i-song o o o o o b-playlist i-playlist i-playlist i-playlist
Spotify__	AddSongWithNameToPlaylistWithName__	dodaj esp ion age do mojej playlisty bottomless brunch 	 o b-song i-song i-song o o o b-playlist i-playlist
Spotify__	AddSongWithNameToPlaylistWithName__	dodaj moments of flow do mojej playlisty o nazwie new boots 	 o b-song i-song i-song o o o o o b-playlist i-playlist
Spotify__	AddSongWithNameToPlaylistWithName__	dodaj door man do mojej playlisty która się nazywa eats and beats 	 o b-song i-song o o o o o o b-playlist i-playlist i-playlist
Spotify__	AddSongWithNameToPlaylistWithName__	dodaj gold dust do mojej listy odtwarzania folk feast 	 o b-song i-song o o o o b-playlist i-playlist
Spotify__	AddSongWithNameToPlaylistWithName__	dodaj good day do mojej listy odtwarzania o nazwie drum mania 	 o b-song i-song o o o o o o b-playlist i-playlist
Spotify__	AddSongWithNameToPlaylistWithName__	dodaj move me do mojej listy odtwarzania która się nazywa atmospheric calm 	 o b-song i-song o o o o o o o b-playlist i-playlist
Spotify__	AddSongWithNameToPlaylistWithName__	dodaj american idiot do mojej listy new music wednesday 	 o b-song i-song o o o b-playlist i-playlist i-playlist
Spotify__	AddSongWithNameToPlaylistWithName__	dodaj aaron do mojej listy o nazwie classical meets electronica 	 o b-song o o o o o b-playlist i-playlist i-playlist
Spotify__	AddSongWithNameToPlaylistWithName__	dodaj the fool you need do mojej listy która się nazywa dance rising 	 o b-song i-song i-song i-song o o o o o o b-playlist i-playlist
Spotify__	AddSongWithNameToPlaylistWithName__	dodaj piosenkę visions do playlisty rave classics 	 o o b-song o o b-playlist i-playlist
Spotify__	AddSongWithNameToPlaylistWithName__	dodaj piosenkę moscow do playlisty o nazwie classical wedding 	 o o b-song o o o o b-playlist i-playlist
Spotify__	AddSongWithNameToPlaylistWithName__	dodaj piosenkę trofea do playlisty która się nazywa runnig 	 o o b-song o o o o o b-playlist
Spotify__	AddSongWithNameToPlaylistWithName__	dodaj piosenkę 74 do listy odtwarzania sunburn 	 o o b-song o o o b-playlist
Spotify__	AddSongWithNameToPlaylistWithName__	dodaj piosenkę twist do listy odtwarzania o nazwie stargazer 	 o o b-song o o o o o b-playlist
Spotify__	AddSongWithNameToPlaylistWithName__	dodaj piosenkę king of the castle do listy odtwarzania która się nazywa covered in punk 	 o o b-song i-song i-song i-song o o o o o o b-playlist i-playlist i-playlist
Spotify__	AddSongWithNameToPlaylistWithName__	dodaj piosenkę think about what you love do listy metropolis 	 o o b-song i-song i-song i-song i-song o o b-playlist
Spotify__	AddSongWithNameToPlaylistWithName__	dodaj piosenkę flow do listy o nazwie music for concentration 	 o o b-song o o o o b-playlist i-playlist i-playlist
Spotify__	AddSongWithNameToPlaylistWithName__	dodaj piosenkę goodbye pork pie hat do listy która się nazywa tgif 	 o o b-song i-song i-song i-song o o o o o b-playlist
Spotify__	AddSongWithNameToPlaylistWithName__	dodaj piosenkę turn me down do mojej playlisty neo classical lounge 	 o o b-song i-song i-song o o o b-playlist i-playlist i-playlist
Spotify__	AddSongWithNameToPlaylistWithName__	dodaj piosenkę from do mojej playlisty o nazwie the new alt 	 o o b-song o o o o o b-playlist i-playlist i-playlist
Spotify__	AddSongWithNameToPlaylistWithName__	dodaj piosenkę touch that space do mojej playlisty która się nazywa modernism 50 	 o o b-song i-song i-song o o o o o o b-playlist i-playlist
Spotify__	AddSongWithNameToPlaylistWithName__	dodaj piosenkę the dark cloud is comming do mojej listy odtwarzania classical feast 	 o o b-song i-song i-song i-song i-song o o o o b-playlist i-playlist
Spotify__	AddSongWithNameToPlaylistWithName__	dodaj piosenkę we will do mojej listy odtwarzania o nazwie chill tracks 	 o o b-song i-song o o o o o o b-playlist i-playlist
Spotify__	AddSongWithNameToPlaylistWithName__	dodaj piosenkę memory loop do mojej listy odtwarzania która się nazywa global viral 50 	 o o b-song i-song o o o o o o o b-playlist i-playlist i-playlist
Spotify__	AddSongWithNameToPlaylistWithName__	dodaj piosenkę you are here do mojej listy winter chill 	 o o b-song i-song i-song o o o b-playlist i-playlist
Spotify__	AddSongWithNameToPlaylistWithName__	dodaj piosenkę no people to person do mojej listy o nazwie crash course 	 o o b-song i-song i-song i-song o o o o o b-playlist i-playlist
Spotify__	AddSongWithNameToPlaylistWithName__	dodaj piosenkę wonder do mojej listy która się nazywa i hate my job 	 o o b-song o o o o o o b-playlist i-playlist i-playlist i-playlist
Spotify__	AddSongWithNameToPlaylistWithName__	dodaj utwór monster do playlisty spread the gospel 	 o o b-song o o b-playlist i-playlist i-playlist
Spotify__	AddSongWithNameToPlaylistWithName__	dodaj utwór chant do playlisty o nazwie bittersweet symphony 	 o o b-song o o o o b-playlist i-playlist
Spotify__	AddSongWithNameToPlaylistWithName__	dodaj utwór from a distance do playlisty która się nazywa book club 	 o o b-song i-song i-song o o o o o b-playlist i-playlist
Spotify__	AddSongWithNameToPlaylistWithName__	dodaj utwór vortex do listy odtwarzania rockabilly mania 	 o o b-song o o o b-playlist i-playlist
Spotify__	AddSongWithNameToPlaylistWithName__	dodaj utwór long time ago do listy odtwarzania o nazwie swag house 	 o o b-song i-song i-song o o o o o b-playlist i-playlist
Spotify__	AddSongWithNameToPlaylistWithName__	dodaj utwór odds against tomorrow do listy odtwarzania która się nazywa unlimite indie 	 o o b-song i-song i-song o o o o o o b-playlist i-playlist
Spotify__	AddSongWithNameToPlaylistWithName__	dodaj utwór traffic do listy gold school 	 o o b-song o o b-playlist i-playlist
Spotify__	AddSongWithNameToPlaylistWithName__	dodaj utwór aurora do listy o nazwie feeling blue 	 o o b-song o o o o b-playlist i-playlist
Spotify__	AddSongWithNameToPlaylistWithName__	dodaj utwór a survey do listy która się nazywa back porch 	 o o b-song i-song o o o o o b-playlist i-playlist
Spotify__	AddSongWithNameToPlaylistWithName__	dodaj utwór die do mojej playlisty power ballads 	 o o b-song o o o b-playlist i-playlist
Spotify__	AddSongWithNameToPlaylistWithName__	dodaj utwór norman fucking rockwell do mojej playlisty o nazwie french indie pop 	 o o b-song i-song i-song o o o o o b-playlist i-playlist i-playlist
Spotify__	AddSongWithNameToPlaylistWithName__	dodaj utwór moon in the water do mojej playlisty która się nazywa queens of disco 	 o o b-song i-song i-song i-song o o o o o o b-playlist i-playlist i-playlist
Spotify__	AddSongWithNameToPlaylistWithName__	dodaj utwór bud guy do mojej listy odtwarzania reading 	 o o b-song i-song o o o o b-playlist
Spotify__	AddSongWithNameToPlaylistWithName__	dodaj utwór hit man do mojej listy odtwarzania o nazwie a perfect day 	 o o b-song i-song o o o o o o b-playlist i-playlist i-playlist
Spotify__	AddSongWithNameToPlaylistWithName__	dodaj utwór deal with it do mojej listy odtwarzania która się nazywa classical british countryside 	 o o b-song i-song i-song o o o o o o o b-playlist i-playlist i-playlist
Spotify__	AddSongWithNameToPlaylistWithName__	dodaj utwór to hell with good intentions do mojej listy fierce femmes 	 o o b-song i-song i-song i-song i-song o o o b-playlist i-playlist
Spotify__	AddSongWithNameToPlaylistWithName__	dodaj utwór waiting for you do mojej listy o nazwie totally alt 	 o o b-song i-song i-song o o o o o b-playlist i-playlist
Spotify__	AddSongWithNameToPlaylistWithName__	dodaj utwór a history of bad men do mojej listy która się nazywa new punk tracks 	 o o b-song i-song i-song i-song i-song o o o o o o b-playlist i-playlist i-playlist
Spotify__	AddSongWithNameToPlaylistWithName__	dodaj kawałek hit me till i break my bones do playlisty classical music for metalheads 	 o o b-song i-song i-song i-song i-song i-song i-song o o b-playlist i-playlist i-playlist i-playlist
Spotify__	AddSongWithNameToPlaylistWithName__	dodaj kawałek kids do playlisty o nazwie new blood 	 o o b-song o o o o b-playlist i-playlist
Spotify__	AddSongWithNameToPlaylistWithName__	dodaj kawałek stamina do playlisty która się nazywa true black metal 	 o o b-song o o o o o b-playlist i-playlist i-playlist
Spotify__	AddSongWithNameToPlaylistWithName__	dodaj kawałek as often as i can do listy odtwarzania california rock state 	 o o b-song i-song i-song i-song i-song o o o b-playlist i-playlist i-playlist
Spotify__	AddSongWithNameToPlaylistWithName__	dodaj kawałek diamond do listy odtwarzania o nazwie asmr winder sounds 	 o o b-song o o o o o b-playlist i-playlist i-playlist
Spotify__	AddSongWithNameToPlaylistWithName__	dodaj kawałek radian do listy odtwarzania która się nazywa underground hits 	 o o b-song o o o o o o b-playlist i-playlist
Spotify__	AddSongWithNameToPlaylistWithName__	dodaj kawałek take do listy your coffee break 	 o o b-song o o b-playlist i-playlist i-playlist
Spotify__	AddSongWithNameToPlaylistWithName__	dodaj kawałek love fuzz do listy o nazwie gym mood 	 o o b-song i-song o o o o b-playlist i-playlist
Spotify__	AddSongWithNameToPlaylistWithName__	dodaj kawałek the king do listy która się nazywa metal ballads 	 o o b-song i-song o o o o o b-playlist i-playlist
Spotify__	AddSongWithNameToPlaylistWithName__	dodaj kawałek under the talles arch do mojej playlisty nipple music 	 o o b-song i-song i-song i-song o o o b-playlist i-playlist
Spotify__	AddSongWithNameToPlaylistWithName__	dodaj kawałek mercury do mojej playlisty o nazwie brain food 	 o o b-song o o o o o b-playlist i-playlist
Spotify__	AddSongWithNameToPlaylistWithName__	dodaj kawałek running do mojej playlisty która się nazywa indie roadtrip 	 o o b-song o o o o o o b-playlist i-playlist
Spotify__	AddSongWithNameToPlaylistWithName__	dodaj kawałek after the gold rush do mojej listy odtwarzania sounds of the rain forest 	 o o b-song i-song i-song i-song o o o o b-playlist i-playlist i-playlist i-playlist i-playlist
Spotify__	AddSongWithNameToPlaylistWithName__	dodaj kawałek one minute to midnight do mojej listy odtwarzania o nazwie jazz rap 	 o o b-song i-song i-song i-song o o o o o o b-playlist i-playlist
Spotify__	AddSongWithNameToPlaylistWithName__	dodaj kawałek the three jewels do mojej listy odtwarzania która się nazywa new core 	 o o b-song i-song i-song o o o o o o o b-playlist i-playlist
Spotify__	AddSongWithNameToPlaylistWithName__	dodaj kawałek she works out too much do mojej listy dance hits 	 o o b-song i-song i-song i-song i-song o o o b-playlist i-playlist
Spotify__	AddSongWithNameToPlaylistWithName__	dodaj kawałek numb do mojej listy o nazwie teen party 	 o o b-song o o o o o b-playlist i-playlist
Spotify__	AddSongWithNameToPlaylistWithName__	dodaj kawałek suddenly do mojej listy która się nazywa your favorite coffeehouse 	 o o b-song o o o o o o b-playlist i-playlist i-playlist
Spotify__	AddSongWithNameToPlaylistWithName__	zapisz to whom it may concern do playlisty deathcore 	 o b-song i-song i-song i-song i-song o o b-playlist
Spotify__	AddSongWithNameToPlaylistWithName__	zapisz the fat man do playlisty o nazwie post grunge 	 o b-song i-song i-song o o o o b-playlist i-playlist
Spotify__	AddSongWithNameToPlaylistWithName__	zapisz lux prima do playlisty która się nazywa cma fest 2019 	 o b-song i-song o o o o o b-playlist i-playlist i-playlist
Spotify__	AddSongWithNameToPlaylistWithName__	zapisz swing shut do listy odtwarzania comfort zone 	 o b-song i-song o o o b-playlist i-playlist
Spotify__	AddSongWithNameToPlaylistWithName__	zapisz lemon glow do listy odtwarzania o nazwie beats and rhymes 	 o b-song i-song o o o o o b-playlist i-playlist i-playlist
Spotify__	AddSongWithNameToPlaylistWithName__	zapisz memo to the man do listy odtwarzania która się nazywa alt hip hop 	 o b-song i-song i-song i-song o o o o o o b-playlist i-playlist i-playlist
Spotify__	AddSongWithNameToPlaylistWithName__	zapisz no idol do listy valentine's day 	 o b-song i-song o o b-playlist i-playlist
Spotify__	AddSongWithNameToPlaylistWithName__	zapisz i love to move it here do listy o nazwie shoegaze and beyond 	 o b-song i-song i-song i-song i-song i-song o o o o b-playlist i-playlist i-playlist
Spotify__	AddSongWithNameToPlaylistWithName__	zapisz bloody mess do listy która się nazywa dreampop 	 o b-song i-song o o o o o b-playlist
Spotify__	AddSongWithNameToPlaylistWithName__	zapisz venus in furs do mojej playlisty lullabells 	 o b-song i-song i-song o o o b-playlist
Spotify__	AddSongWithNameToPlaylistWithName__	zapisz splash down do mojej playlisty o nazwie skatepark punks 	 o b-song i-song o o o o o b-playlist i-playlist
Spotify__	AddSongWithNameToPlaylistWithName__	zapisz track 19 do mojej playlisty która się nazywa techno bunker 	 o b-song i-song o o o o o o b-playlist i-playlist
Spotify__	AddSongWithNameToPlaylistWithName__	zapisz bullet proof cupid do mojej listy odtwarzania soft instrumental 	 o b-song i-song i-song o o o o b-playlist i-playlist
Spotify__	AddSongWithNameToPlaylistWithName__	zapisz london calling do mojej listy odtwarzania o nazwie focus now 	 o b-song i-song o o o o o o b-playlist i-playlist
Spotify__	AddSongWithNameToPlaylistWithName__	zapisz swallow my pride do mojej listy odtwarzania która się nazywa morning walk 	 o b-song i-song i-song o o o o o o o b-playlist i-playlist
Spotify__	AddSongWithNameToPlaylistWithName__	zapisz high and dry do mojej listy grime instrumentals 	 o b-song i-song i-song o o o b-playlist i-playlist
Spotify__	AddSongWithNameToPlaylistWithName__	zapisz down the drain do mojej listy o nazwie massive dance hits 	 o b-song i-song i-song o o o o o b-playlist i-playlist i-playlist
Spotify__	AddSongWithNameToPlaylistWithName__	zapisz skins in my closet do mojej listy która się nazywa souvenirs 	 o b-song i-song i-song i-song o o o o o o b-playlist
Spotify__	AddSongWithNameToPlaylistWithName__	zapisz piosenkę hey mama wolf do playlisty morning coffee 	 o o b-song i-song i-song o o b-playlist i-playlist
Spotify__	AddSongWithNameToPlaylistWithName__	zapisz piosenkę human nature do playlisty o nazwie weekend hangouts 	 o o b-song i-song o o o o b-playlist i-playlist
Spotify__	AddSongWithNameToPlaylistWithName__	zapisz piosenkę all i want do playlisty która się nazywa serenity 	 o o b-song i-song i-song o o o o o b-playlist
Spotify__	AddSongWithNameToPlaylistWithName__	zapisz piosenkę damaged goods do listy odtwarzania gentle classical 	 o o b-song i-song o o o b-playlist i-playlist
Spotify__	AddSongWithNameToPlaylistWithName__	zapisz piosenkę dramamine do listy odtwarzania o nazwie noises after dark 	 o o b-song o o o o o b-playlist i-playlist i-playlist
Spotify__	AddSongWithNameToPlaylistWithName__	zapisz piosenkę custom concern do listy odtwarzania która się nazywa a sudden rainstorm 	 o o b-song i-song o o o o o o b-playlist i-playlist i-playlist
Spotify__	AddSongWithNameToPlaylistWithName__	zapisz piosenkę beach side property do listy women of rock 	 o o b-song i-song i-song o o b-playlist i-playlist i-playlist
Spotify__	AddSongWithNameToPlaylistWithName__	zapisz piosenkę head south do listy o nazwie soft rock 	 o o b-song i-song o o o o b-playlist i-playlist
Spotify__	AddSongWithNameToPlaylistWithName__	zapisz piosenkę exit does not exit do listy która się nazywa brit blues 	 o o b-song i-song i-song i-song o o o o o b-playlist i-playlist
Spotify__	AddSongWithNameToPlaylistWithName__	zapisz piosenkę my favorite things do mojej playlisty bassline bangers 	 o o b-song i-song i-song o o o b-playlist i-playlist
Spotify__	AddSongWithNameToPlaylistWithName__	zapisz piosenkę giant steps do mojej playlisty o nazwie disco forever 	 o o b-song i-song o o o o o b-playlist i-playlist
Spotify__	AddSongWithNameToPlaylistWithName__	zapisz piosenkę like sonny do mojej playlisty która się nazywa sleep tight 	 o o b-song i-song o o o o o o b-playlist i-playlist
Spotify__	AddSongWithNameToPlaylistWithName__	zapisz piosenkę my shining hour do mojej listy odtwarzania k indie picks 	 o o b-song i-song i-song o o o o b-playlist i-playlist i-playlist
Spotify__	AddSongWithNameToPlaylistWithName__	zapisz piosenkę big bang do mojej listy odtwarzania o nazwie funky jams 	 o o b-song i-song o o o o o o b-playlist i-playlist
Spotify__	AddSongWithNameToPlaylistWithName__	zapisz piosenkę oxygen do mojej listy odtwarzania która się nazywa easy 80s 	 o o b-song o o o o o o o b-playlist i-playlist
Spotify__	AddSongWithNameToPlaylistWithName__	zapisz piosenkę skip town do mojej listy hush little darlings 	 o o b-song i-song o o o b-playlist i-playlist i-playlist
Spotify__	AddSongWithNameToPlaylistWithName__	zapisz piosenkę missing do mojej listy o nazwie gentle rains 	 o o b-song o o o o o b-playlist i-playlist
Spotify__	AddSongWithNameToPlaylistWithName__	zapisz piosenkę body do mojej listy która się nazywa discover weekly 	 o o b-song o o o o o o b-playlist i-playlist
Spotify__	AddSongWithNameToPlaylistWithName__	zapisz utwór wake up next to god do playlisty mellow morning 	 o o b-song i-song i-song i-song i-song o o b-playlist i-playlist
Spotify__	AddSongWithNameToPlaylistWithName__	zapisz utwór got you do playlisty o nazwie dance classics 	 o o b-song i-song o o o o b-playlist i-playlist
Spotify__	AddSongWithNameToPlaylistWithName__	zapisz utwór what is she waring do playlisty która się nazywa essence of renaissanve 	 o o b-song i-song i-song i-song o o o o o b-playlist i-playlist i-playlist
Spotify__	AddSongWithNameToPlaylistWithName__	zapisz utwór the city of roses do listy odtwarzania old school hip hop 	 o o b-song i-song i-song i-song o o o b-playlist i-playlist i-playlist i-playlist
Spotify__	AddSongWithNameToPlaylistWithName__	zapisz utwór fantas do listy odtwarzania o nazwie instrumental madness 	 o o b-song o o o o o b-playlist i-playlist
Spotify__	AddSongWithNameToPlaylistWithName__	zapisz utwór end of my bloodline do listy odtwarzania która się nazywa fresh morning 	 o o b-song i-song i-song i-song o o o o o o b-playlist i-playlist
Spotify__	AddSongWithNameToPlaylistWithName__	zapisz utwór follow you do listy minimalism 	 o o b-song i-song o o b-playlist
Spotify__	AddSongWithNameToPlaylistWithName__	zapisz utwór choo choo do listy o nazwie party mix 	 o o b-song i-song o o o o b-playlist i-playlist
Spotify__	AddSongWithNameToPlaylistWithName__	zapisz utwór the arrow of our youth do listy która się nazywa drunk and hangover 	 o o b-song i-song i-song i-song i-song o o o o o b-playlist i-playlist i-playlist
Spotify__	AddSongWithNameToPlaylistWithName__	zapisz utwór birth of violence do mojej playlisty electronic circus 	 o o b-song i-song i-song o o o b-playlist i-playlist
Spotify__	AddSongWithNameToPlaylistWithName__	zapisz utwór an ambulance do mojej playlisty o nazwie hangover friendly 	 o o b-song i-song o o o o o b-playlist i-playlist
Spotify__	AddSongWithNameToPlaylistWithName__	zapisz utwór nothing has to be true do mojej playlisty która się nazywa hot rods and horror shows 	 o o b-song i-song i-song i-song i-song o o o o o o b-playlist i-playlist i-playlist i-playlist i-playlist
Spotify__	AddSongWithNameToPlaylistWithName__	zapisz utwór necromania do mojej listy odtwarzania surprise yoga 	 o o b-song o o o o b-playlist i-playlist
Spotify__	AddSongWithNameToPlaylistWithName__	zapisz utwór slowboat do mojej listy odtwarzania o nazwie release radar 	 o o b-song o o o o o o b-playlist i-playlist
Spotify__	AddSongWithNameToPlaylistWithName__	zapisz utwór perfume do mojej listy odtwarzania która się nazywa timeless love songs 	 o o b-song o o o o o o o b-playlist i-playlist i-playlist
Spotify__	AddSongWithNameToPlaylistWithName__	zapisz utwór paco do mojej listy acoustic lounge 	 o o b-song o o o b-playlist i-playlist
Spotify__	AddSongWithNameToPlaylistWithName__	zapisz utwór new years eve do mojej listy o nazwie the other list 	 o o b-song i-song i-song o o o o o b-playlist i-playlist i-playlist
Spotify__	AddSongWithNameToPlaylistWithName__	zapisz utwór bad liar do mojej listy która się nazywa songwriters 	 o o b-song i-song o o o o o o b-playlist
Spotify__	AddSongWithNameToPlaylistWithName__	zapisz kawałek the man with no heart or brain do playlisty tokyo rising 	 o o b-song i-song i-song i-song i-song i-song i-song o o b-playlist i-playlist
Spotify__	AddSongWithNameToPlaylistWithName__	zapisz kawałek paper boy do playlisty o nazwie lone star blues 	 o o b-song i-song o o o o b-playlist i-playlist i-playlist
Spotify__	AddSongWithNameToPlaylistWithName__	zapisz kawałek run to me do playlisty która się nazywa deep focus 	 o o b-song i-song i-song o o o o o b-playlist i-playlist
Spotify__	AddSongWithNameToPlaylistWithName__	zapisz kawałek irato do listy odtwarzania the magnificent piano 	 o o b-song o o o b-playlist i-playlist i-playlist
Spotify__	AddSongWithNameToPlaylistWithName__	zapisz kawałek any human friend do listy odtwarzania o nazwie dance alert 	 o o b-song i-song i-song o o o o o b-playlist i-playlist
Spotify__	AddSongWithNameToPlaylistWithName__	zapisz kawałek we are surrounded do listy odtwarzania która się nazywa avant-garde 	 o o b-song i-song i-song o o o o o o b-playlist
Spotify__	AddSongWithNameToPlaylistWithName__	zapisz kawałek of the past do listy morning rhythm 	 o o b-song i-song i-song o o b-playlist i-playlist
Spotify__	AddSongWithNameToPlaylistWithName__	zapisz kawałek list of boys do listy o nazwie fresh dance tracks 	 o o b-song i-song i-song o o o o b-playlist i-playlist i-playlist
Spotify__	AddSongWithNameToPlaylistWithName__	zapisz kawałek what a time to be alive do listy która się nazywa all 00s out 	 o o b-song i-song i-song i-song i-song i-song o o o o o b-playlist i-playlist i-playlist
Spotify__	AddSongWithNameToPlaylistWithName__	zapisz kawałek climbing the walls do mojej playlisty epic classical 	 o o b-song i-song i-song o o o b-playlist i-playlist
Spotify__	AddSongWithNameToPlaylistWithName__	zapisz kawałek the crossing guard do mojej playlisty o nazwie chillin on a dirty road 	 o o b-song i-song i-song o o o o o b-playlist i-playlist i-playlist i-playlist i-playlist
Spotify__	AddSongWithNameToPlaylistWithName__	zapisz kawałek intro do mojej playlisty która się nazywa wedding 	 o o b-song o o o o o o b-playlist
Spotify__	AddSongWithNameToPlaylistWithName__	zapisz kawałek jupiter 4 do mojej listy odtwarzania trap mojito 	 o o b-song i-song o o o o b-playlist i-playlist
Spotify__	AddSongWithNameToPlaylistWithName__	zapisz kawałek all spies do mojej listy odtwarzania o nazwie got djent 	 o o b-song i-song o o o o o o b-playlist i-playlist
Spotify__	AddSongWithNameToPlaylistWithName__	zapisz kawałek blow to the head do mojej listy odtwarzania która się nazywa the newness 	 o o b-song i-song i-song i-song o o o o o o o b-playlist i-playlist
Spotify__	AddSongWithNameToPlaylistWithName__	zapisz kawałek not this time do mojej listy solid rock 	 o o b-song i-song i-song o o o b-playlist i-playlist
Spotify__	AddSongWithNameToPlaylistWithName__	zapisz kawałek plastic do mojej listy o nazwie hawaiian dreams 	 o o b-song o o o o o b-playlist i-playlist
Spotify__	AddSongWithNameToPlaylistWithName__	zapisz kawałek glue do mojej listy która się nazywa bathtub soak 	 o o b-song o o o o o o b-playlist i-playlist
Spotify__	AddAlbumToPlaylist__	dodaj emily alone}_TYPE do playlisty time to get high 	 o b-album i-album i-album i-album b-playlist i-playlist i-playlist i-playlist
Spotify__	AddAlbumToPlaylist__	dodaj face stabber}_TYPE do playlisty o nazwie retro gaming 	 o b-album i-album i-album i-album i-album i-album b-playlist i-playlist
Spotify__	AddAlbumToPlaylist__	dodaj morbid stuff}_TYPE do playlisty która się nazywa feel good indie rock 	 o b-album i-album i-album i-album i-album i-album i-album b-playlist i-playlist i-playlist i-playlist
Spotify__	AddAlbumToPlaylist__	dodaj malibu ken}_TYPE do listy odtwarzania mellow dinner 	 o b-album i-album i-album i-album i-album b-playlist i-playlist
Spotify__	AddAlbumToPlaylist__	dodaj somebody else's song}_TYPE do listy odtwarzania o nazwie extreme metal workout 	 o b-album i-album i-album i-album i-album i-album i-album i-album b-playlist i-playlist i-playlist
Spotify__	AddAlbumToPlaylist__	dodaj caligula}_TYPE do listy odtwarzania która się nazywa global top 50 	 o b-album i-album i-album i-album i-album i-album i-album b-playlist i-playlist i-playlist
Spotify__	AddAlbumToPlaylist__	dodaj joyful}_TYPE do listy most necessary 	 o b-album i-album i-album b-playlist i-playlist
Spotify__	AddAlbumToPlaylist__	dodaj garden party}_TYPE do listy o nazwie power workout 	 o b-album i-album i-album i-album i-album i-album b-playlist i-playlist
Spotify__	AddAlbumToPlaylist__	dodaj r.y.c}_TYPE do listy która się nazywa punk unplugged 	 o b-album i-album i-album i-album i-album i-album b-playlist i-playlist
Spotify__	AddAlbumToPlaylist__	dodaj life metal}_TYPE do mojej playlisty the sweet suite 	 o b-album i-album i-album i-album i-album b-playlist i-playlist i-playlist
Spotify__	AddAlbumToPlaylist__	dodaj braindrops}_TYPE do mojej playlisty o nazwie classic rock now 	 o b-album i-album i-album i-album i-album i-album b-playlist i-playlist i-playlist
Spotify__	AddAlbumToPlaylist__	dodaj plastic anniversary}_TYPE do mojej playlisty która się nazywa binatural beats 	 o b-album i-album i-album i-album i-album i-album i-album i-album b-playlist i-playlist
Spotify__	AddAlbumToPlaylist__	dodaj pale bloom}_TYPE do mojej listy odtwarzania pilates 	 o b-album i-album i-album i-album i-album i-album b-playlist
Spotify__	AddAlbumToPlaylist__	dodaj circles}_TYPE do mojej listy odtwarzania o nazwie dinner with friends 	 o b-album i-album i-album i-album i-album i-album i-album b-playlist i-playlist i-playlist
Spotify__	AddAlbumToPlaylist__	dodaj vision in black}_TYPE do mojej listy odtwarzania która się nazywa jazzy morning 	 o b-album i-album i-album i-album i-album i-album i-album i-album i-album i-album b-playlist i-playlist
Spotify__	AddAlbumToPlaylist__	dodaj beware of the dogs}_TYPE do mojej listy the essential ska 	 o b-album i-album i-album i-album i-album i-album i-album b-playlist i-playlist i-playlist
Spotify__	AddAlbumToPlaylist__	dodaj derretirse}_TYPE do mojej listy o nazwie bach switched on 	 o b-album i-album i-album i-album i-album i-album b-playlist i-playlist i-playlist
Spotify__	AddAlbumToPlaylist__	dodaj assume form}_TYPE do mojej listy która się nazywa workday soul 	 o b-album i-album i-album i-album i-album i-album i-album i-album b-playlist i-playlist
Spotify__	AddAlbumToPlaylist__	zapisz anoyo}_TYPE do playlisty sweat 	 o b-album i-album i-album b-playlist
Spotify__	AddAlbumToPlaylist__	zapisz capsule losing contact}_TYPE do playlisty o nazwie peaceful piano 	 o b-album i-album i-album i-album i-album i-album i-album b-playlist i-playlist
Spotify__	AddAlbumToPlaylist__	zapisz amyl and the sniffers}_TYPE do playlisty która się nazywa pure rock and roll 	 o b-album i-album i-album i-album i-album i-album i-album i-album i-album b-playlist i-playlist i-playlist i-playlist
Spotify__	AddAlbumToPlaylist__	zapisz mura masa}_TYPE do listy odtwarzania indie india 	 o b-album i-album i-album i-album i-album b-playlist i-playlist
Spotify__	AddAlbumToPlaylist__	zapisz careful}_TYPE do listy odtwarzania o nazwie opera 100 	 o b-album i-album i-album i-album i-album i-album b-playlist i-playlist
Spotify__	AddAlbumToPlaylist__	zapisz return to center}_TYPE do listy odtwarzania która się nazywa you and me 	 o b-album i-album i-album i-album i-album i-album i-album i-album i-album b-playlist i-playlist i-playlist
Spotify__	AddAlbumToPlaylist__	zapisz the undivided five}_TYPE do listy dirty rock 	 o b-album i-album i-album i-album i-album b-playlist i-playlist
Spotify__	AddAlbumToPlaylist__	zapisz signs of satanic youth}_TYPE do listy o nazwie dinner for one 	 o b-album i-album i-album i-album i-album i-album i-album i-album b-playlist i-playlist i-playlist
Spotify__	AddAlbumToPlaylist__	zapisz the flower and the vessel}_TYPE do listy która się nazywa emo forever 	 o b-album i-album i-album i-album i-album i-album i-album i-album i-album i-album b-playlist i-playlist
Spotify__	AddAlbumToPlaylist__	zapisz what we say in private}_TYPE do mojej playlisty crossroad blues 	 o b-album i-album i-album i-album i-album i-album i-album i-album b-playlist i-playlist
Spotify__	AddAlbumToPlaylist__	zapisz eraserland}_TYPE do mojej playlisty o nazwie duo mix 	 o b-album i-album i-album i-album i-album i-album b-playlist i-playlist
Spotify__	AddAlbumToPlaylist__	zapisz purple mountains}_TYPE do mojej playlisty która się nazywa pop 4 kids 	 o b-album i-album i-album i-album i-album i-album i-album i-album b-playlist i-playlist i-playlist
Spotify__	AddAlbumToPlaylist__	zapisz outer peace}_TYPE do mojej listy odtwarzania punk japan 	 o b-album i-album i-album i-album i-album i-album b-playlist i-playlist
Spotify__	AddAlbumToPlaylist__	zapisz basking in the glow}_TYPE do mojej listy odtwarzania o nazwie music box 	 o b-album i-album i-album i-album i-album i-album i-album i-album i-album i-album b-playlist i-playlist
Spotify__	AddAlbumToPlaylist__	zapisz mazy fly}_TYPE do mojej listy odtwarzania która się nazywa indie folk for focus 	 o b-album i-album i-album i-album i-album i-album i-album i-album i-album b-playlist i-playlist i-playlist i-playlist
Spotify__	AddAlbumToPlaylist__	zapisz death to the planet}_TYPE do mojej listy death metal and beyond 	 o b-album i-album i-album i-album i-album i-album i-album b-playlist i-playlist i-playlist i-playlist
Spotify__	AddAlbumToPlaylist__	zapisz have we meet}_TYPE do mojej listy o nazwie classical essentials 	 o b-album i-album i-album i-album i-album i-album i-album i-album b-playlist i-playlist
Spotify__	AddAlbumToPlaylist__	zapisz all mirrors}_TYPE do mojej listy która się nazywa trance mission 	 o b-album i-album i-album i-album i-album i-album i-album i-album b-playlist i-playlist
Spotify__	CreatePlaylist__	stórz playlistę 	 o o
Spotify__	CreatePlaylist__	stórz listę odtwarzania 	 o o o
Spotify__	CreatePlaylist__	stórz listę 	 o o
Spotify__	CreatePlaylist__	stórz nową playlistę 	 o o o
Spotify__	CreatePlaylist__	stórz nową listę odtwarzania 	 o o o o
Spotify__	CreatePlaylist__	stórz nową listę 	 o o o
Spotify__	CreatePlaylist__	zrób playlistę 	 o o
Spotify__	CreatePlaylist__	zrób listę odtwarzania 	 o o o
Spotify__	CreatePlaylist__	zrób listę 	 o o
Spotify__	CreatePlaylist__	zrób nową playlistę 	 o o o
Spotify__	CreatePlaylist__	zrób nową listę odtwarzania 	 o o o o
Spotify__	CreatePlaylist__	zrób nową listę 	 o o o
Spotify__	CreatePlaylist__	dodaj playlistę 	 o o
Spotify__	CreatePlaylist__	dodaj listę odtwarzania 	 o o o
Spotify__	CreatePlaylist__	dodaj listę 	 o o
Spotify__	CreatePlaylist__	dodaj nową playlistę 	 o o o
Spotify__	CreatePlaylist__	dodaj nową listę odtwarzania 	 o o o o
Spotify__	CreatePlaylist__	dodaj nową listę 	 o o o
Spotify__	CreatePlaylistWithName__	stórz playlistę discovery 	 o o b-playlist
Spotify__	CreatePlaylistWithName__	stórz playlistę o tytule quiet moment 	 o o o o b-playlist i-playlist
Spotify__	CreatePlaylistWithName__	stórz listę odtwarzania hype 	 o o o b-playlist
Spotify__	CreatePlaylistWithName__	stórz listę odtwarzania o tytule viral hits 	 o o o o o b-playlist i-playlist
Spotify__	CreatePlaylistWithName__	stórz listę rockin vibes 	 o o b-playlist i-playlist
Spotify__	CreatePlaylistWithName__	stórz listę o tytule rap caviar 	 o o o o b-playlist i-playlist
Spotify__	CreatePlaylistWithName__	stórz nową playlistę strings for sleeping 	 o o o b-playlist i-playlist i-playlist
Spotify__	CreatePlaylistWithName__	stórz nową playlistę o tytule warm hearts feel good 	 o o o o o b-playlist i-playlist i-playlist i-playlist
Spotify__	CreatePlaylistWithName__	stórz nową listę odtwarzania alone again 	 o o o o b-playlist i-playlist
Spotify__	CreatePlaylistWithName__	stórz nową listę odtwarzania o tytule mind right 	 o o o o o o b-playlist i-playlist
Spotify__	CreatePlaylistWithName__	stórz nową listę road trip to tokyo 	 o o o b-playlist i-playlist i-playlist i-playlist
Spotify__	CreatePlaylistWithName__	stórz nową listę o tytule acid blues 	 o o o o o b-playlist i-playlist
Spotify__	CreatePlaylistWithName__	zrób playlistę very nearly nashville 	 o o b-playlist i-playlist i-playlist
Spotify__	CreatePlaylistWithName__	zrób playlistę o tytule soft focus 	 o o o o b-playlist i-playlist
Spotify__	CreatePlaylistWithName__	zrób listę odtwarzania string quartet 101 	 o o o b-playlist i-playlist i-playlist
Spotify__	CreatePlaylistWithName__	zrób listę odtwarzania o tytule prog rock monsters 	 o o o o o b-playlist i-playlist i-playlist
Spotify__	CreatePlaylistWithName__	zrób listę perfect concentration 	 o o b-playlist i-playlist
Spotify__	CreatePlaylistWithName__	zrób listę o tytule nudisco 	 o o o o b-playlist
Spotify__	CreatePlaylistWithName__	zrób nową playlistę legendary 	 o o o b-playlist
Spotify__	CreatePlaylistWithName__	zrób nową playlistę o tytule all new indie 	 o o o o o b-playlist i-playlist i-playlist
Spotify__	CreatePlaylistWithName__	zrób nową listę odtwarzania cloud rap 	 o o o o b-playlist i-playlist
Spotify__	CreatePlaylistWithName__	zrób nową listę odtwarzania o tytule rock this 	 o o o o o o b-playlist i-playlist
Spotify__	CreatePlaylistWithName__	zrób nową listę lullaby baby 	 o o o b-playlist i-playlist
Spotify__	CreatePlaylistWithName__	zrób nową listę o tytule modern psychedelia 	 o o o o o b-playlist i-playlist
Spotify__	CreatePlaylistWithName__	dodaj playlistę all funked up 	 o o b-playlist i-playlist i-playlist
Spotify__	CreatePlaylistWithName__	dodaj playlistę o tytule not quite classical 	 o o o o b-playlist i-playlist i-playlist
Spotify__	CreatePlaylistWithName__	dodaj listę odtwarzania sunrise yoga 	 o o o b-playlist i-playlist
Spotify__	CreatePlaylistWithName__	dodaj listę odtwarzania o tytule progressive metal 	 o o o o o b-playlist i-playlist
Spotify__	CreatePlaylistWithName__	dodaj listę nature noise 	 o o b-playlist i-playlist
Spotify__	CreatePlaylistWithName__	dodaj listę o tytule heart beats 	 o o o o b-playlist i-playlist
Spotify__	CreatePlaylistWithName__	dodaj nową playlistę nu metal generation 	 o o o b-playlist i-playlist i-playlist
Spotify__	CreatePlaylistWithName__	dodaj nową playlistę o tytule sew jammin 	 o o o o o b-playlist i-playlist
Spotify__	CreatePlaylistWithName__	dodaj nową listę odtwarzania bottom up 	 o o o o b-playlist i-playlist
Spotify__	CreatePlaylistWithName__	dodaj nową listę odtwarzania o tytule 60s rock anthems 	 o o o o o o b-playlist i-playlist i-playlist
Spotify__	CreatePlaylistWithName__	dodaj nową listę 90s love songs 	 o o o b-playlist i-playlist i-playlist
Spotify__	CreatePlaylistWithName__	dodaj nową listę o tytule adrenaline workout 	 o o o o o b-playlist i-playlist
Spotify__	AddSongToPlaylist__	zapisz tę piosenkę na playliscie 	 o o o o o
Spotify__	AddSongToPlaylist__	zapisz tę piosenkę na mojej playliscie 	 o o o o o o
Spotify__	AddSongToPlaylist__	zapisz tę piosenkę na liście odtwarzania 	 o o o o o o
Spotify__	AddSongToPlaylist__	zapisz tę piosenkę na mojej liście odtwarzania 	 o o o o o o o
Spotify__	AddSongToPlaylist__	zapisz tę piosenkę w bibliotece 	 o o o o o
Spotify__	AddSongToPlaylist__	zapisz tę piosenkę w mojej bibliotece 	 o o o o o o
Spotify__	AddSongToPlaylist__	zapisz ten utór na playliscie 	 o o o o o
Spotify__	AddSongToPlaylist__	zapisz ten utór na mojej playliscie 	 o o o o o o
Spotify__	AddSongToPlaylist__	zapisz ten utór na liście odtwarzania 	 o o o o o o
Spotify__	AddSongToPlaylist__	zapisz ten utór na mojej liście odtwarzania 	 o o o o o o o
Spotify__	AddSongToPlaylist__	zapisz ten utór w bibliotece 	 o o o o o
Spotify__	AddSongToPlaylist__	zapisz ten utór w mojej bibliotece 	 o o o o o o
Spotify__	AddSongToPlaylist__	zapisz ten kawałek na playliscie 	 o o o o o
Spotify__	AddSongToPlaylist__	zapisz ten kawałek na mojej playliscie 	 o o o o o o
Spotify__	AddSongToPlaylist__	zapisz ten kawałek na liście odtwarzania 	 o o o o o o
Spotify__	AddSongToPlaylist__	zapisz ten kawałek na mojej liście odtwarzania 	 o o o o o o o
Spotify__	AddSongToPlaylist__	zapisz ten kawałek w bibliotece 	 o o o o o
Spotify__	AddSongToPlaylist__	zapisz ten kawałek w mojej bibliotece 	 o o o o o o
Spotify__	AddSongToPlaylist__	zapisz cokolwiek leci na playliscie 	 o o o o o
Spotify__	AddSongToPlaylist__	zapisz cokolwiek leci na mojej playliscie 	 o o o o o o
Spotify__	AddSongToPlaylist__	zapisz cokolwiek leci na liście odtwarzania 	 o o o o o o
Spotify__	AddSongToPlaylist__	zapisz cokolwiek leci na mojej liście odtwarzania 	 o o o o o o o
Spotify__	AddSongToPlaylist__	zapisz cokolwiek leci w bibliotece 	 o o o o o
Spotify__	AddSongToPlaylist__	zapisz cokolwiek leci w mojej bibliotece 	 o o o o o o
Spotify__	AddSongToPlaylist__	zapisz cokolwiek jest grane na playliscie 	 o o o o o o
Spotify__	AddSongToPlaylist__	zapisz cokolwiek jest grane na mojej playliscie 	 o o o o o o o
Spotify__	AddSongToPlaylist__	zapisz cokolwiek jest grane na liście odtwarzania 	 o o o o o o o
Spotify__	AddSongToPlaylist__	zapisz cokolwiek jest grane na mojej liście odtwarzania 	 o o o o o o o o
Spotify__	AddSongToPlaylist__	zapisz cokolwiek jest grane w bibliotece 	 o o o o o o
Spotify__	AddSongToPlaylist__	zapisz cokolwiek jest grane w mojej bibliotece 	 o o o o o o o
Spotify__	SeekByTime__	przewiń o 1 sekund do przodu 	 o o b-seek_time o o o
Spotify__	SeekByTime__	przewiń o 3 sekund w przód 	 o o b-seek_time o o o
Spotify__	SeekByTime__	przewiń tę piosenkę o 5 sekund do przodu 	 o o o o b-seek_time o o o
Spotify__	SeekByTime__	przewiń tę piosenkę o 30 sekund w przód 	 o o o o b-seek_time o o o
Spotify__	SeekByTime__	przewiń ten utwór o 1 sekund do przodu 	 o o o o b-seek_time o o o
Spotify__	SeekByTime__	przewiń ten utwór o 3 sekund w przód 	 o o o o b-seek_time o o o
Spotify__	SeekByTime__	przewiń ten kawałek o 5 sekund do przodu 	 o o o o b-seek_time o o o
Spotify__	SeekByTime__	przewiń ten kawałek o 30 sekund w przód 	 o o o o b-seek_time o o o
Spotify__	SeekByTime__	przesuń o 1 sekund do przodu 	 o o b-seek_time o o o
Spotify__	SeekByTime__	przesuń o 3 sekund w przód 	 o o b-seek_time o o o
Spotify__	SeekByTime__	przesuń tę piosenkę o 5 sekund do przodu 	 o o o o b-seek_time o o o
Spotify__	SeekByTime__	przesuń tę piosenkę o 30 sekund w przód 	 o o o o b-seek_time o o o
Spotify__	SeekByTime__	przesuń ten utwór o 1 sekund do przodu 	 o o o o b-seek_time o o o
Spotify__	SeekByTime__	przesuń ten utwór o 3 sekund w przód 	 o o o o b-seek_time o o o
Spotify__	SeekByTime__	przesuń ten kawałek o 5 sekund do przodu 	 o o o o b-seek_time o o o
Spotify__	SeekByTime__	przesuń ten kawałek o 30 sekund w przód 	 o o o o b-seek_time o o o
Spotify__	ShuffleOnOff__	on shuffle 	 b-state o
Spotify__	ShuffleOnOff__	off losowe odtwarzanie 	 b-state o o
Spotify__	ShuffleOnOff__	on losowość 	 b-state o
Spotify__	RepeatOnOff__	off powtarzanie 	 b-state o
Spotify__	RepeatOnOff__	on repeat 	 b-state o
Spotify__	RepeatOnOff__	na rypicie 	 o o
Spotify__	ShowDencability__	jak ta piosenka jest taneczna 	 o o o o o
Spotify__	ShowDencability__	jak ten utwór jest taneczny 	 o o o o o
Spotify__	ShowDencability__	jak ten kawałek jest taneczny 	 o o o o o
Spotify__	ShowDencability__	jak bardzo ta piosenka jest taneczna 	 o o o o o o
Spotify__	ShowDencability__	jak bardzo ten utwór jest taneczny 	 o o o o o o
Spotify__	ShowDencability__	jak bardzo ten kawałek jest taneczny 	 o o o o o o
Spotify__	ShowDencability__	taneczność tej piosenki 	 o o o
Spotify__	ShowDencability__	taneczność tego utworu 	 o o o
Spotify__	ShowDencability__	taneczność tego kawałka 	 o o o
Spotify__	ShowDencability__	podaj taneczność tej piosenki 	 o o o o
Spotify__	ShowDencability__	podaj taneczność tego utworu 	 o o o o
Spotify__	ShowDencability__	podaj taneczność tego kawałka 	 o o o o
Spotify__	ShowDencability__	czy ta piosenka jest taneczny 	 o o o o o
Spotify__	ShowDencability__	czy ten utwór jest taneczny 	 o o o o o
Spotify__	ShowDencability__	czy ten kawałek jest taneczny 	 o o o o o
