Translate__	SetDefaultLanguage__	set language to italian 	 o o o b-all_lang
Translate__	SetDefaultLanguage__	set translation language to french 	 o o o o b-all_lang
Translate__	SetDefaultLanguage__	set output language to english 	 o o o o b-all_lang
Translate__	SetDefaultLanguage__	set default language to japanease 	 o o o o b-all_lang
Translate__	SetDefaultLanguage__	set default translation language to russian 	 o o o o o b-all_lang
Translate__	SetDefaultLanguage__	set default output language to polish 	 o o o o o b-all_lang
Translate__	SetDefaultLanguage__	change language to german 	 o o o b-all_lang
Translate__	SetDefaultLanguage__	change translation language to spanish 	 o o o o b-all_lang
Translate__	SetDefaultLanguage__	change output language to thai 	 o o o o b-all_lang
Translate__	SetDefaultLanguage__	change default language to czech 	 o o o o b-all_lang
Translate__	SetDefaultLanguage__	change default translation language to finnish 	 o o o o o b-all_lang
Translate__	SetDefaultLanguage__	change default output language to esperanto 	 o o o o o b-all_lang
Translate__	SetDefaultLanguageToLanguage__	set input language to turkish 	 o o o o b-all_lang
Translate__	SetDefaultLanguageToLanguage__	set source language to greek 	 o o o o b-all_lang
Translate__	SetDefaultLanguageToLanguage__	set default input language to mongolian 	 o o o o o b-all_lang
Translate__	SetDefaultLanguageToLanguage__	set default source language to hawaiian 	 o o o o o b-all_lang
Translate__	SetDefaultLanguageToLanguage__	change input language to hindi 	 o o o o b-all_lang
Translate__	SetDefaultLanguageToLanguage__	change source language to icelandic 	 o o o o b-all_lang
Translate__	SetDefaultLanguageToLanguage__	change default input language to italian 	 o o o o o b-all_lang
Translate__	SetDefaultLanguageToLanguage__	change default source language to french 	 o o o o o b-all_lang
Translate__	TranslateText__	translation of do you have this in my size 	 o o b-text_en i-text_en i-text_en i-text_en i-text_en i-text_en i-text_en
Translate__	TranslateText__	what is the translation of can you change a traveller's check for me 	 o o o o o b-text_en i-text_en i-text_en i-text_en i-text_en i-text_en i-text_en i-text_en
Translate__	TranslateText__	the translation of do you have anything quieter 	 o o o b-text_en i-text_en i-text_en i-text_en i-text_en
Translate__	TranslateText__	translate take me there please 	 o b-text_en i-text_en i-text_en i-text_en
Translate__	TranslateText__	translation of what is your name 	 o o b-text_en i-text_en i-text_en i-text_en
Translate__	TranslateText__	the translation of in the afternoon 	 o o o b-text_en i-text_en i-text_en
Translate__	TranslateText__	how do i say january 	 o o o o b-text_en
Translate__	TranslateText__	how do i translate dark 	 o o o o b-text_en
Translate__	TranslateText__	how do you say i lost my bag 	 o o o o b-text_en i-text_en i-text_en i-text_en
Translate__	TranslateText__	how do you translate ok i'll take it 	 o o o o b-text_en i-text_en i-text_en i-text_en
Translate__	TranslateTextToLanguage__	translation of i am an american citizen to polish 	 o o b-text_en i-text_en i-text_en i-text_en i-text_en o b-trg_lang_general
Translate__	TranslateTextToLanguage__	what is the translation of i don't want it to german 	 o o o o o b-text_en i-text_en i-text_en i-text_en o b-trg_lang_general
Translate__	TranslateTextToLanguage__	the translation of west to spanish 	 o o o b-text_en o b-trg_lang_general
Translate__	TranslateTextToLanguage__	translate can i look at the menu please into thai 	 o b-text_en i-text_en i-text_en i-text_en i-text_en i-text_en i-text_en o b-trg_lang_general
Translate__	TranslateTextToLanguage__	translate bus and train to czech 	 o b-text_en i-text_en i-text_en o b-trg_lang_general
Translate__	TranslateTextToLanguage__	translation of how much is that into finish 	 o o b-text_en i-text_en i-text_en i-text_en o b-trg_lang_general
Translate__	TranslateTextToLanguage__	translation of i don't understand to polish 	 o o b-text_en i-text_en i-text_en o b-trg_lang_general
Translate__	TranslateTextToLanguage__	the translation of that's too expensive into german 	 o o o b-text_en i-text_en i-text_en o b-trg_lang_general
Translate__	TranslateTextToLanguage__	the translation of red to spanish 	 o o o b-text_en o b-trg_lang_general
Translate__	TranslateTextToLanguage__	translate to thai i've been injured 	 o o b-trg_lang_general b-text_en i-text_en i-text_en
Translate__	TranslateTextToLanguage__	white in czech 	 b-text_en o b-trg_lang_general
Translate__	TranslateTextToLanguage__	can i have a bag translated to finish 	 b-text_en i-text_en i-text_en i-text_en i-text_en o o b-trg_lang_general
Translate__	TranslateTextToLanguage__	i need toothpaste translated into polish 	 b-text_en i-text_en i-text_en o o b-trg_lang_general
Translate__	TranslateTextToLanguage__	how do i say excuse me waiter in german 	 o o o o b-text_en i-text_en i-text_en o b-trg_lang_general
Translate__	TranslateTextToLanguage__	how do i translate can you change money for me in spanish 	 o o o o b-text_en i-text_en i-text_en i-text_en i-text_en i-text_en o b-trg_lang_general
Translate__	TranslateTextToLanguage__	how do you say saturday in thai 	 o o o o b-text_en o b-trg_lang_general
Translate__	TranslateTextToLanguage__	how do you translate where is the toilet in czech 	 o o o o b-text_en i-text_en i-text_en i-text_en o b-trg_lang_general
Translate__	TranslateTextToLanguage__	say in finish is breakfast included 	 o o b-trg_lang_general b-text_en i-text_en i-text_en
Translate__	TranslateTextFromLanguageToLanguage__	translate i need an english-language newspaper from english to polish 	 o b-text_en i-text_en i-text_en i-text_en i-text_en o b-src_lang_en o b-trg_lang_pl
Translate__	TranslateTextFromLanguageToLanguage__	translate hi how are you from english to german 	 o b-text_en i-text_en i-text_en i-text_en o b-src_lang_en o b-trg_lang_de
Translate__	TranslateTextFromLanguageToLanguage__	translate noodles from english to spanish 	 o b-text_en o b-src_lang_en o b-trg_lang_es
Translate__	TranslateTextFromLanguageToLanguage__	translate do you speak english from english to italian 	 o b-text_en i-text_en i-text_en i-text_en o b-src_lang_en o b-trg_lang_it
Translate__	TranslateTextFromLanguageToLanguage__	translate brown from english to french 	 o b-text_en o b-src_lang_en o b-trg_lang_fr
Translate__	TranslateTextFromLanguageToLanguage__	translate right to polish from english 	 o b-text_en o b-trg_lang_pl o b-src_lang_en
Translate__	TranslateTextFromLanguageToLanguage__	translate rice to german from english 	 o b-text_en o b-trg_lang_de o b-src_lang_en
Translate__	TranslateTextFromLanguageToLanguage__	translate november to spanish from english 	 o b-text_en o b-trg_lang_es o b-src_lang_en
Translate__	TranslateTextFromLanguageToLanguage__	translate it's an emergency to italian from english 	 o b-text_en i-text_en i-text_en o b-trg_lang_it o b-src_lang_en
Translate__	TranslateTextFromLanguageToLanguage__	translate another round please to french from english 	 o b-text_en i-text_en i-text_en o b-trg_lang_fr o b-src_lang_en
Translate__	TranslateTextFromLanguageToLanguage__	translate w dzień świąteczny from polish to english 	 o b-text_pl i-text_pl i-text_pl o b-src_lang_pl o b-trg_lang_en
Translate__	TranslateTextFromLanguageToLanguage__	translate zamek from polish to german 	 o b-text_pl o b-src_lang_pl o b-trg_lang_de
Translate__	TranslateTextFromLanguageToLanguage__	translate zakaz parkowania from polish to spanish 	 o b-text_pl i-text_pl o b-src_lang_pl o b-trg_lang_es
Translate__	TranslateTextFromLanguageToLanguage__	translate nocą from polish to italian 	 o b-text_pl o b-src_lang_pl o b-trg_lang_it
Translate__	TranslateTextFromLanguageToLanguage__	translate tanio from polish to french 	 o b-text_pl o b-src_lang_pl o b-trg_lang_fr
Translate__	TranslateTextFromLanguageToLanguage__	translate proszę rachunek to english from polish 	 o b-text_pl i-text_pl o b-trg_lang_en o b-src_lang_pl
Translate__	TranslateTextFromLanguageToLanguage__	translate czy jest specjalność lokalu to german from polish 	 o b-text_pl i-text_pl i-text_pl i-text_pl o b-trg_lang_de o b-src_lang_pl
Translate__	TranslateTextFromLanguageToLanguage__	translate przesiadka to spanish from polish 	 o b-text_pl o b-trg_lang_es o b-src_lang_pl
Translate__	TranslateTextFromLanguageToLanguage__	translate dwa to italian from polish 	 o b-text_pl o b-trg_lang_it o b-src_lang_pl
Translate__	TranslateTextFromLanguageToLanguage__	translate ograniczenie prędkości to french from polish 	 o b-text_pl i-text_pl o b-trg_lang_fr o b-src_lang_pl
Translate__	TranslateTextFromLanguageToLanguage__	translate rot from german to english 	 o b-text_de o b-src_lang_de o b-trg_lang_en
Translate__	TranslateTextFromLanguageToLanguage__	translate können sie mir ein anderes hotel empfehlen from german to polish 	 o b-text_de i-text_de i-text_de i-text_de i-text_de i-text_de i-text_de o b-src_lang_de o b-trg_lang_pl
Translate__	TranslateTextFromLanguageToLanguage__	translate zahlen bitte from german to spanish 	 o b-text_de i-text_de o b-src_lang_de o b-trg_lang_es
Translate__	TranslateTextFromLanguageToLanguage__	translate ich heiße karl from german to italian 	 o b-text_de i-text_de i-text_de o b-src_lang_de o b-trg_lang_it
Translate__	TranslateTextFromLanguageToLanguage__	translate zweihundert from german to french 	 o b-text_de o b-src_lang_de o b-trg_lang_fr
Translate__	TranslateTextFromLanguageToLanguage__	translate abends to english from german 	 o b-text_de o b-trg_lang_en o b-src_lang_de
Translate__	TranslateTextFromLanguageToLanguage__	translate eine englischsprachige zeitung to polish from german 	 o b-text_de i-text_de i-text_de o b-trg_lang_pl o b-src_lang_de
Translate__	TranslateTextFromLanguageToLanguage__	translate salz to spanish from german 	 o b-text_de o b-trg_lang_es o b-src_lang_de
Translate__	TranslateTextFromLanguageToLanguage__	translate sonntag to italian from german 	 o b-text_de o b-trg_lang_it o b-src_lang_de
Translate__	TranslateTextFromLanguageToLanguage__	translate ich esse nur koscher to french from german 	 o b-text_de i-text_de i-text_de i-text_de o b-trg_lang_fr o b-src_lang_de
Translate__	TranslateTextFromLanguageToLanguage__	translate diecinueve from spanish to polish 	 o b-text_es o b-src_lang_es o b-trg_lang_pl
Translate__	TranslateTextFromLanguageToLanguage__	translate esto es una emergencia from spanish to german 	 o b-text_es i-text_es i-text_es i-text_es o b-src_lang_es o b-trg_lang_de
Translate__	TranslateTextFromLanguageToLanguage__	translate alguien aquí habla el inglés from spanish to english 	 o b-text_es i-text_es i-text_es i-text_es i-text_es o b-src_lang_es o b-trg_lang_en
Translate__	TranslateTextFromLanguageToLanguage__	translate no lo quiero from spanish to italian 	 o b-text_es i-text_es i-text_es o b-src_lang_es o b-trg_lang_it
Translate__	TranslateTextFromLanguageToLanguage__	translate helicóptero from spanish to french 	 o b-text_es o b-src_lang_es o b-trg_lang_fr
Translate__	TranslateTextFromLanguageToLanguage__	translate mil millones to polish from spanish 	 o b-text_es i-text_es o b-trg_lang_pl o b-src_lang_es
Translate__	TranslateTextFromLanguageToLanguage__	translate jueves to german from spanish 	 o b-text_es o b-trg_lang_de o b-src_lang_es
Translate__	TranslateTextFromLanguageToLanguage__	translate martes to english from spanish 	 o b-text_es o b-trg_lang_en o b-src_lang_es
Translate__	TranslateTextFromLanguageToLanguage__	translate a las dos de la mañana to italian from spanish 	 o b-text_es i-text_es i-text_es i-text_es i-text_es i-text_es o b-trg_lang_it o b-src_lang_es
Translate__	TranslateTextFromLanguageToLanguage__	translate sal to french from spanish 	 o b-text_es o b-trg_lang_fr o b-src_lang_es
Translate__	TranslateTextFromLanguageToLanguage__	translate l'acqua from italian to polish 	 o b-text_it o b-src_lang_it o b-trg_lang_pl
Translate__	TranslateTextFromLanguageToLanguage__	translate grazie from italian to german 	 o b-text_it o b-src_lang_it o b-trg_lang_de
Translate__	TranslateTextFromLanguageToLanguage__	translate ho bisogno di dentifricio from italian to spanish 	 o b-text_it i-text_it i-text_it i-text_it o b-src_lang_it o b-trg_lang_es
Translate__	TranslateTextFromLanguageToLanguage__	translate piacere di conoscerla from italian to english 	 o b-text_it i-text_it i-text_it o b-src_lang_it o b-trg_lang_en
Translate__	TranslateTextFromLanguageToLanguage__	translate sera from italian to french 	 o b-text_it o b-src_lang_it o b-trg_lang_fr
Translate__	TranslateTextFromLanguageToLanguage__	translate mercoledì to polish from italian 	 o b-text_it o b-trg_lang_pl o b-src_lang_it
Translate__	TranslateTextFromLanguageToLanguage__	translate pane to german from italian 	 o b-text_it o b-trg_lang_de o b-src_lang_it
Translate__	TranslateTextFromLanguageToLanguage__	translate pomeriggio to spanish from italian 	 o b-text_it o b-trg_lang_es o b-src_lang_it
Translate__	TranslateTextFromLanguageToLanguage__	translate voglio parlare con un avvocato to english from italian 	 o b-text_it i-text_it i-text_it i-text_it i-text_it o b-trg_lang_en o b-src_lang_it
Translate__	TranslateTextFromLanguageToLanguage__	translate un milione to french from italian 	 o b-text_it i-text_it o b-trg_lang_fr o b-src_lang_it
Translate__	TranslateTextFromLanguageToLanguage__	translate quotidien from french to polish 	 o b-text_fr o b-src_lang_fr o b-trg_lang_pl
Translate__	TranslateTextFromLanguageToLanguage__	translate est-ce qu'il y a quelqu'un ici qui parle anglais from french to german 	 o b-text_fr i-text_fr i-text_fr i-text_fr i-text_fr i-text_fr i-text_fr i-text_fr i-text_fr o b-src_lang_fr o b-trg_lang_de
Translate__	TranslateTextFromLanguageToLanguage__	translate j'ai besoin d'un rasoir from french to spanish 	 o b-text_fr i-text_fr i-text_fr i-text_fr o b-src_lang_fr o b-trg_lang_es
Translate__	TranslateTextFromLanguageToLanguage__	translate un demi s'il-vous-plaît from french to italian 	 o b-text_fr i-text_fr i-text_fr o b-src_lang_fr o b-trg_lang_it
Translate__	TranslateTextFromLanguageToLanguage__	translate j'appelle la police from french to english 	 o b-text_fr i-text_fr i-text_fr o b-src_lang_fr o b-trg_lang_en
Translate__	TranslateTextFromLanguageToLanguage__	translate treize heures to polish from french 	 o b-text_fr i-text_fr o b-trg_lang_pl o b-src_lang_fr
Translate__	TranslateTextFromLanguageToLanguage__	translate dans l'après-midi to german from french 	 o b-text_fr i-text_fr o b-trg_lang_de o b-src_lang_fr
Translate__	TranslateTextFromLanguageToLanguage__	translate merci to spanish from french 	 o b-text_fr o b-trg_lang_es o b-src_lang_fr
Translate__	TranslateTextFromLanguageToLanguage__	translate l'après-midi to italian from french 	 o b-text_fr o b-trg_lang_it o b-src_lang_fr
Translate__	TranslateTextFromLanguageToLanguage__	translate j'ai besoin d'un dictionnaire français-anglais to english from french 	 o b-text_fr i-text_fr i-text_fr i-text_fr i-text_fr o b-trg_lang_en o b-src_lang_fr
Translate__	TranslateTextFromLanguageToLanguage__	translation of where is airport from english to polish 	 o o b-text_en i-text_en i-text_en o b-src_lang_en o b-trg_lang_pl
Translate__	TranslateTextFromLanguageToLanguage__	translation of good day from english to german 	 o o b-text_en i-text_en o b-src_lang_en o b-trg_lang_de
Translate__	TranslateTextFromLanguageToLanguage__	translation of can you suggest another hotel from english to spanish 	 o o b-text_en i-text_en i-text_en i-text_en i-text_en o b-src_lang_en o b-trg_lang_es
Translate__	TranslateTextFromLanguageToLanguage__	translation of with pleasure from english to italian 	 o o b-text_en i-text_en o b-src_lang_en o b-trg_lang_it
Translate__	TranslateTextFromLanguageToLanguage__	translation of coffee from english to french 	 o o b-text_en o b-src_lang_en o b-trg_lang_fr
Translate__	TranslateTextFromLanguageToLanguage__	translation of is there someone here who speaks english to polish from english 	 o o b-text_en i-text_en i-text_en i-text_en i-text_en i-text_en i-text_en o b-trg_lang_pl o b-src_lang_en
Translate__	TranslateTextFromLanguageToLanguage__	translation of where are you taking me to german from english 	 o o b-text_en i-text_en i-text_en i-text_en i-text_en o b-trg_lang_de o b-src_lang_en
Translate__	TranslateTextFromLanguageToLanguage__	translation of i'll call the police to spanish from english 	 o o b-text_en i-text_en i-text_en i-text_en o b-trg_lang_es o b-src_lang_en
Translate__	TranslateTextFromLanguageToLanguage__	translation of red wine to italian from english 	 o o b-text_en i-text_en o b-trg_lang_it o b-src_lang_en
Translate__	TranslateTextFromLanguageToLanguage__	translation of one more please to french from english 	 o o b-text_en i-text_en i-text_en o b-trg_lang_fr o b-src_lang_en
Translate__	TranslateTextFromLanguageToLanguage__	translation of poproszę butelkę piwa from polish to english 	 o o b-text_pl i-text_pl i-text_pl o b-src_lang_pl o b-trg_lang_en
Translate__	TranslateTextFromLanguageToLanguage__	translation of taksówka from polish to german 	 o o b-text_pl o b-src_lang_pl o b-trg_lang_de
Translate__	TranslateTextFromLanguageToLanguage__	translation of ulica jednokierunkowa from polish to spanish 	 o o b-text_pl i-text_pl o b-src_lang_pl o b-trg_lang_es
Translate__	TranslateTextFromLanguageToLanguage__	translation of nie jestem zainteresowany from polish to italian 	 o o b-text_pl i-text_pl i-text_pl o b-src_lang_pl o b-trg_lang_it
Translate__	TranslateTextFromLanguageToLanguage__	translation of czerwiec from polish to french 	 o o b-text_pl o b-src_lang_pl o b-trg_lang_fr
Translate__	TranslateTextFromLanguageToLanguage__	translation of pomarańczowy to english from polish 	 o o b-text_pl o b-trg_lang_en o b-src_lang_pl
Translate__	TranslateTextFromLanguageToLanguage__	translation of kareta to german from polish 	 o o b-text_pl o b-trg_lang_de o b-src_lang_pl
Translate__	TranslateTextFromLanguageToLanguage__	translation of sobota to spanish from polish 	 o o b-text_pl o b-trg_lang_es o b-src_lang_pl
Translate__	TranslateTextFromLanguageToLanguage__	translation of stop to italian from polish 	 o o b-text_pl o b-trg_lang_it o b-src_lang_pl
Translate__	TranslateTextFromLanguageToLanguage__	translation of las to french from polish 	 o o b-text_pl o b-trg_lang_fr o b-src_lang_pl
Translate__	TranslateTextFromLanguageToLanguage__	translation of ich brauche deine hilfe from german to english 	 o o b-text_de i-text_de i-text_de i-text_de o b-src_lang_de o b-trg_lang_en
Translate__	TranslateTextFromLanguageToLanguage__	translation of darf ich das zimmer erstmal sehen from german to polish 	 o o b-text_de i-text_de i-text_de i-text_de i-text_de i-text_de o b-src_lang_de o b-trg_lang_pl
Translate__	TranslateTextFromLanguageToLanguage__	translation of rechts from german to spanish 	 o o b-text_de o b-src_lang_de o b-trg_lang_es
Translate__	TranslateTextFromLanguageToLanguage__	translation of kneipen from german to italian 	 o o b-text_de o b-src_lang_de o b-trg_lang_it
Translate__	TranslateTextFromLanguageToLanguage__	translation of kann ich dein handy benutzen from german to french 	 o o b-text_de i-text_de i-text_de i-text_de i-text_de o b-src_lang_de o b-trg_lang_fr
Translate__	TranslateTextFromLanguageToLanguage__	translation of bitte schön to english from german 	 o o b-text_de i-text_de o b-trg_lang_en o b-src_lang_de
Translate__	TranslateTextFromLanguageToLanguage__	translation of später to polish from german 	 o o b-text_de o b-trg_lang_pl o b-src_lang_de
Translate__	TranslateTextFromLanguageToLanguage__	translation of schließfächer to spanish from german 	 o o b-text_de o b-trg_lang_es o b-src_lang_de
Translate__	TranslateTextFromLanguageToLanguage__	translation of bringen sie mich bitte dahin to italian from german 	 o o b-text_de i-text_de i-text_de i-text_de i-text_de o b-trg_lang_it o b-src_lang_de
Translate__	TranslateTextFromLanguageToLanguage__	translation of ich möchte auschecken to french from german 	 o o b-text_de i-text_de i-text_de o b-trg_lang_fr o b-src_lang_de
Translate__	TranslateTextFromLanguageToLanguage__	translation of noche from spanish to polish 	 o o b-text_es o b-src_lang_es o b-trg_lang_pl
Translate__	TranslateTextFromLanguageToLanguage__	translation of estoy bajo arresto from spanish to german 	 o o b-text_es i-text_es i-text_es o b-src_lang_es o b-trg_lang_de
Translate__	TranslateTextFromLanguageToLanguage__	translation of barato from spanish to english 	 o o b-text_es o b-src_lang_es o b-trg_lang_en
Translate__	TranslateTextFromLanguageToLanguage__	translation of necesito sellos de correos from spanish to italian 	 o o b-text_es i-text_es i-text_es i-text_es o b-src_lang_es o b-trg_lang_it
Translate__	TranslateTextFromLanguageToLanguage__	translation of el jamón from spanish to french 	 o o b-text_es i-text_es o b-src_lang_es o b-trg_lang_fr
Translate__	TranslateTextFromLanguageToLanguage__	translation of quiero alquilar un coche to polish from spanish 	 o o b-text_es i-text_es i-text_es i-text_es o b-trg_lang_pl o b-src_lang_es
Translate__	TranslateTextFromLanguageToLanguage__	translation of no entiendo to german from spanish 	 o o b-text_es i-text_es o b-trg_lang_de o b-src_lang_es
Translate__	TranslateTextFromLanguageToLanguage__	translation of marzo to english from spanish 	 o o b-text_es o b-trg_lang_en o b-src_lang_es
Translate__	TranslateTextFromLanguageToLanguage__	translation of gasolina to italian from spanish 	 o o b-text_es o b-trg_lang_it o b-src_lang_es
Translate__	TranslateTextFromLanguageToLanguage__	translation of llamaré la policía to french from spanish 	 o o b-text_es i-text_es i-text_es o b-trg_lang_fr o b-src_lang_es
Translate__	TranslateTextFromLanguageToLanguage__	translation of dove sono i gabinetti from italian to polish 	 o o b-text_it i-text_it i-text_it i-text_it o b-src_lang_it o b-trg_lang_pl
Translate__	TranslateTextFromLanguageToLanguage__	translation of l'acqua frizzante from italian to german 	 o o b-text_it i-text_it o b-src_lang_it o b-trg_lang_de
Translate__	TranslateTextFromLanguageToLanguage__	translation of ottanta from italian to spanish 	 o o b-text_it o b-src_lang_it o b-trg_lang_es
Translate__	TranslateTextFromLanguageToLanguage__	translation of arrivederci from italian to english 	 o o b-text_it o b-src_lang_it o b-trg_lang_en
Translate__	TranslateTextFromLanguageToLanguage__	translation of buon pomeriggio from italian to french 	 o o b-text_it i-text_it o b-src_lang_it o b-trg_lang_fr
Translate__	TranslateTextFromLanguageToLanguage__	translation of c'è il servizio al tavolo to polish from italian 	 o o b-text_it i-text_it i-text_it i-text_it i-text_it o b-trg_lang_pl o b-src_lang_it
Translate__	TranslateTextFromLanguageToLanguage__	translation of che cos'è to german from italian 	 o o b-text_it i-text_it o b-trg_lang_de o b-src_lang_it
Translate__	TranslateTextFromLanguageToLanguage__	translation of mangio solamente cibo kosher to spanish from italian 	 o o b-text_it i-text_it i-text_it i-text_it o b-trg_lang_es o b-src_lang_it
Translate__	TranslateTextFromLanguageToLanguage__	translation of quanto costa questo to english from italian 	 o o b-text_it i-text_it i-text_it o b-trg_lang_en o b-src_lang_it
Translate__	TranslateTextFromLanguageToLanguage__	translation of strada to french from italian 	 o o b-text_it o b-trg_lang_fr o b-src_lang_it
Translate__	TranslateTextFromLanguageToLanguage__	translation of taxi from french to polish 	 o o b-text_fr o b-src_lang_fr o b-trg_lang_pl
Translate__	TranslateTextFromLanguageToLanguage__	translation of or pas cher from french to german 	 o o b-text_fr i-text_fr i-text_fr o b-src_lang_fr o b-trg_lang_de
Translate__	TranslateTextFromLanguageToLanguage__	translation of mensuel from french to spanish 	 o o b-text_fr o b-src_lang_fr o b-trg_lang_es
Translate__	TranslateTextFromLanguageToLanguage__	translation of qu'est-ce que vous avez à la pression from french to italian 	 o o b-text_fr i-text_fr i-text_fr i-text_fr i-text_fr i-text_fr i-text_fr o b-src_lang_fr o b-trg_lang_it
Translate__	TranslateTextFromLanguageToLanguage__	translation of j'ai besoin d'une brosse à dents from french to english 	 o o b-text_fr i-text_fr i-text_fr i-text_fr i-text_fr i-text_fr o b-src_lang_fr o b-trg_lang_en
Translate__	TranslateTextFromLanguageToLanguage__	translation of aidez-moi s'il vous plaît to polish from french 	 o o b-text_fr i-text_fr i-text_fr i-text_fr o b-trg_lang_pl o b-src_lang_fr
Translate__	TranslateTextFromLanguageToLanguage__	translation of hier to german from french 	 o o b-text_fr o b-trg_lang_de o b-src_lang_fr
Translate__	TranslateTextFromLanguageToLanguage__	translation of j'ai besoin de savon to spanish from french 	 o o b-text_fr i-text_fr i-text_fr i-text_fr o b-trg_lang_es o b-src_lang_fr
Translate__	TranslateTextFromLanguageToLanguage__	translation of coca to italian from french 	 o o b-text_fr o b-trg_lang_it o b-src_lang_fr
Translate__	TranslateTextFromLanguageToLanguage__	translation of cinq to english from french 	 o o b-text_fr o b-trg_lang_en o b-src_lang_fr
Translate__	TranslateTextFromLanguageToLanguage__	the translation of i'm not interested from english to polish 	 o o o b-text_en i-text_en i-text_en o b-src_lang_en o b-trg_lang_pl
Translate__	TranslateTextFromLanguageToLanguage__	the translation of i'm lost from english to german 	 o o o b-text_en i-text_en o b-src_lang_en o b-trg_lang_de
Translate__	TranslateTextFromLanguageToLanguage__	the translation of cheese from english to spanish 	 o o o b-text_en o b-src_lang_en o b-trg_lang_es
Translate__	TranslateTextFromLanguageToLanguage__	the translation of the day after tomorrow from english to italian 	 o o o b-text_en i-text_en i-text_en i-text_en o b-src_lang_en o b-trg_lang_it
Translate__	TranslateTextFromLanguageToLanguage__	the translation of i need batteries from english to french 	 o o o b-text_en i-text_en i-text_en o b-src_lang_en o b-trg_lang_fr
Translate__	TranslateTextFromLanguageToLanguage__	the translation of i need sunblock lotion to polish from english 	 o o o b-text_en i-text_en i-text_en i-text_en o b-trg_lang_pl o b-src_lang_en
Translate__	TranslateTextFromLanguageToLanguage__	the translation of please clear the plates to german from english 	 o o o b-text_en i-text_en i-text_en i-text_en o b-trg_lang_de o b-src_lang_en
Translate__	TranslateTextFromLanguageToLanguage__	the translation of thank you to spanish from english 	 o o o b-text_en i-text_en o b-trg_lang_es o b-src_lang_en
Translate__	TranslateTextFromLanguageToLanguage__	the translation of a beer please to italian from english 	 o o o b-text_en i-text_en i-text_en o b-trg_lang_it o b-src_lang_en
Translate__	TranslateTextFromLanguageToLanguage__	the translation of ham to french from english 	 o o o b-text_en o b-trg_lang_fr o b-src_lang_en
Translate__	TranslateTextFromLanguageToLanguage__	the translation of listopad from polish to english 	 o o o b-text_pl o b-src_lang_pl o b-trg_lang_en
Translate__	TranslateTextFromLanguageToLanguage__	the translation of potok from polish to german 	 o o o b-text_pl o b-src_lang_pl o b-trg_lang_de
Translate__	TranslateTextFromLanguageToLanguage__	the translation of proszę from polish to spanish 	 o o o b-text_pl o b-src_lang_pl o b-trg_lang_es
Translate__	TranslateTextFromLanguageToLanguage__	the translation of kolacja from polish to italian 	 o o o b-text_pl o b-src_lang_pl o b-trg_lang_it
Translate__	TranslateTextFromLanguageToLanguage__	the translation of gdzie jest szafka na klucz from polish to french 	 o o o b-text_pl i-text_pl i-text_pl i-text_pl i-text_pl o b-src_lang_pl o b-trg_lang_fr
Translate__	TranslateTextFromLanguageToLanguage__	the translation of jeszcze raz proszę to english from polish 	 o o o b-text_pl i-text_pl i-text_pl o b-trg_lang_en o b-src_lang_pl
Translate__	TranslateTextFromLanguageToLanguage__	the translation of szynkę to german from polish 	 o o o b-text_pl o b-trg_lang_de o b-src_lang_pl
Translate__	TranslateTextFromLanguageToLanguage__	the translation of drugie śniadanie to spanish from polish 	 o o o b-text_pl i-text_pl o b-trg_lang_es o b-src_lang_pl
Translate__	TranslateTextFromLanguageToLanguage__	the translation of wczoraj to italian from polish 	 o o o b-text_pl o b-trg_lang_it o b-src_lang_pl
Translate__	TranslateTextFromLanguageToLanguage__	the translation of zachód to french from polish 	 o o o b-text_pl o b-trg_lang_fr o b-src_lang_pl
Translate__	TranslateTextFromLanguageToLanguage__	the translation of sie wollen mich abzocken from german to english 	 o o o b-text_de i-text_de i-text_de i-text_de o b-src_lang_de o b-trg_lang_en
Translate__	TranslateTextFromLanguageToLanguage__	the translation of hotels from german to polish 	 o o o b-text_de o b-src_lang_de o b-trg_lang_pl
Translate__	TranslateTextFromLanguageToLanguage__	the translation of siebzehn from german to spanish 	 o o o b-text_de o b-src_lang_de o b-trg_lang_es
Translate__	TranslateTextFromLanguageToLanguage__	the translation of eine postkarte from german to italian 	 o o o b-text_de i-text_de o b-src_lang_de o b-trg_lang_it
Translate__	TranslateTextFromLanguageToLanguage__	the translation of gibt es hier jemanden der englisch spricht from german to french 	 o o o b-text_de i-text_de i-text_de i-text_de i-text_de i-text_de i-text_de o b-src_lang_de o b-trg_lang_fr
Translate__	TranslateTextFromLanguageToLanguage__	the translation of hilfe to english from german 	 o o o b-text_de o b-trg_lang_en o b-src_lang_de
Translate__	TranslateTextFromLanguageToLanguage__	the translation of das war ein missverständnis to polish from german 	 o o o b-text_de i-text_de i-text_de i-text_de o b-trg_lang_pl o b-src_lang_de
Translate__	TranslateTextFromLanguageToLanguage__	the translation of wie heißt du to spanish from german 	 o o o b-text_de i-text_de i-text_de o b-trg_lang_es o b-src_lang_de
Translate__	TranslateTextFromLanguageToLanguage__	the translation of dreißig to italian from german 	 o o o b-text_de o b-trg_lang_it o b-src_lang_de
Translate__	TranslateTextFromLanguageToLanguage__	the translation of morgen to french from german 	 o o o b-text_de o b-trg_lang_fr o b-src_lang_de
Translate__	TranslateTextFromLanguageToLanguage__	the translation of no como carne de vaca from spanish to polish 	 o o o b-text_es i-text_es i-text_es i-text_es i-text_es o b-src_lang_es o b-trg_lang_pl
Translate__	TranslateTextFromLanguageToLanguage__	the translation of necesito pasta dentífrico from spanish to german 	 o o o b-text_es i-text_es i-text_es o b-src_lang_es o b-trg_lang_de
Translate__	TranslateTextFromLanguageToLanguage__	the translation of dorado from spanish to english 	 o o o b-text_es o b-src_lang_es o b-trg_lang_en
Translate__	TranslateTextFromLanguageToLanguage__	the translation of dónde puedo obtener un talón de viajero cambiado from spanish to italian 	 o o o b-text_es i-text_es i-text_es i-text_es i-text_es i-text_es i-text_es i-text_es o b-src_lang_es o b-trg_lang_it
Translate__	TranslateTextFromLanguageToLanguage__	the translation of cuarenta from spanish to french 	 o o o b-text_es o b-src_lang_es o b-trg_lang_fr
Translate__	TranslateTextFromLanguageToLanguage__	the translation of café to polish from spanish 	 o o o b-text_es o b-trg_lang_pl o b-src_lang_es
Translate__	TranslateTextFromLanguageToLanguage__	the translation of las frutas to german from spanish 	 o o o b-text_es i-text_es o b-trg_lang_de o b-src_lang_es
Translate__	TranslateTextFromLanguageToLanguage__	the translation of adónde me llevas to english from spanish 	 o o o b-text_es i-text_es i-text_es o b-trg_lang_en o b-src_lang_es
Translate__	TranslateTextFromLanguageToLanguage__	the translation of tiene algo para declarar to italian from spanish 	 o o o b-text_es i-text_es i-text_es i-text_es o b-trg_lang_it o b-src_lang_es
Translate__	TranslateTextFromLanguageToLanguage__	the translation of aerolínea to french from spanish 	 o o o b-text_es o b-trg_lang_fr o b-src_lang_es
Translate__	TranslateTextFromLanguageToLanguage__	the translation of sinistra from italian to polish 	 o o o b-text_it o b-src_lang_it o b-trg_lang_pl
Translate__	TranslateTextFromLanguageToLanguage__	the translation of non mangio il maiale from italian to german 	 o o o b-text_it i-text_it i-text_it i-text_it o b-src_lang_it o b-trg_lang_de
Translate__	TranslateTextFromLanguageToLanguage__	the translation of mentre from italian to spanish 	 o o o b-text_it o b-src_lang_it o b-trg_lang_es
Translate__	TranslateTextFromLanguageToLanguage__	the translation of mi lasci in pace from italian to english 	 o o o b-text_it i-text_it i-text_it i-text_it o b-src_lang_it o b-trg_lang_en
Translate__	TranslateTextFromLanguageToLanguage__	the translation of the tea from italian to french 	 o o o b-text_it i-text_it o b-src_lang_it o b-trg_lang_fr
Translate__	TranslateTextFromLanguageToLanguage__	the translation of posso semplicemente pagare una multa adesso to polish from italian 	 o o o b-text_it i-text_it i-text_it i-text_it i-text_it i-text_it o b-trg_lang_pl o b-src_lang_it
Translate__	TranslateTextFromLanguageToLanguage__	the translation of notte to german from italian 	 o o o b-text_it o b-trg_lang_de o b-src_lang_it
Translate__	TranslateTextFromLanguageToLanguage__	the translation of va bene lo prendo to spanish from italian 	 o o o b-text_it i-text_it i-text_it i-text_it o b-trg_lang_es o b-src_lang_it
Translate__	TranslateTextFromLanguageToLanguage__	the translation of mi dispiace to english from italian 	 o o o b-text_it i-text_it o b-trg_lang_en o b-src_lang_it
Translate__	TranslateTextFromLanguageToLanguage__	the translation of avete qualcosa da stuzzicare to french from italian 	 o o o b-text_it i-text_it i-text_it i-text_it o b-trg_lang_fr o b-src_lang_it
Translate__	TranslateTextFromLanguageToLanguage__	the translation of j'ai besoin de shampooing from french to polish 	 o o o b-text_fr i-text_fr i-text_fr i-text_fr o b-src_lang_fr o b-trg_lang_pl
Translate__	TranslateTextFromLanguageToLanguage__	the translation of fais de beaux reves from french to german 	 o o o b-text_fr i-text_fr i-text_fr i-text_fr o b-src_lang_fr o b-trg_lang_de
Translate__	TranslateTextFromLanguageToLanguage__	the translation of j'ai besoin de crème solaire from french to spanish 	 o o o b-text_fr i-text_fr i-text_fr i-text_fr i-text_fr o b-src_lang_fr o b-trg_lang_es
Translate__	TranslateTextFromLanguageToLanguage__	the translation of huitante from french to italian 	 o o o b-text_fr o b-src_lang_fr o b-trg_lang_it
Translate__	TranslateTextFromLanguageToLanguage__	the translation of avez-vous ceci dans ma taille from french to english 	 o o o b-text_fr i-text_fr i-text_fr i-text_fr i-text_fr o b-src_lang_fr o b-trg_lang_en
Translate__	TranslateTextFromLanguageToLanguage__	the translation of j'ai besoin d'un stylo to polish from french 	 o o o b-text_fr i-text_fr i-text_fr i-text_fr o b-trg_lang_pl o b-src_lang_fr
Translate__	TranslateTextFromLanguageToLanguage__	the translation of j'ai besoin d'un analgésique to german from french 	 o o o b-text_fr i-text_fr i-text_fr i-text_fr o b-trg_lang_de o b-src_lang_fr
Translate__	TranslateTextFromLanguageToLanguage__	the translation of police to spanish from french 	 o o o b-text_fr o b-trg_lang_es o b-src_lang_fr
Translate__	TranslateTextFromLanguageToLanguage__	the translation of au feu to italian from french 	 o o o b-text_fr i-text_fr o b-trg_lang_it o b-src_lang_fr
Translate__	TranslateTextFromLanguageToLanguage__	the translation of j'ai perdu mon portefeuille to english from french 	 o o o b-text_fr i-text_fr i-text_fr i-text_fr o b-trg_lang_en o b-src_lang_fr
Translate__	TranslateTextFromLanguageToLanguageWithEngine__	translate wednesday from english to polish with yandex 	 o b-text_en o b-src_lang_en o b-trg_lang_pl o b-translator
Translate__	TranslateTextFromLanguageToLanguageWithEngine__	translate i need shampoo from english to german with google 	 o b-text_en i-text_en i-text_en o b-src_lang_en o b-trg_lang_de o b-translator
Translate__	TranslateTextFromLanguageToLanguageWithEngine__	translate i don't eat pork from english to spanish with microsoft 	 o b-text_en i-text_en i-text_en i-text_en o b-src_lang_en o b-trg_lang_es o b-translator
Translate__	TranslateTextFromLanguageToLanguageWithEngine__	translate do you ship overseas from english to italian with deepl 	 o b-text_en i-text_en i-text_en i-text_en o b-src_lang_en o b-trg_lang_it o b-translator
Translate__	TranslateTextFromLanguageToLanguageWithEngine__	translate you're welcome from english to french with yandex 	 o b-text_en i-text_en o b-src_lang_en o b-trg_lang_fr o b-translator
Translate__	TranslateTextFromLanguageToLanguageWithEngine__	translate tomorrow morning to polish from english with google 	 o b-text_en i-text_en o b-trg_lang_pl o b-src_lang_en o b-translator
Translate__	TranslateTextFromLanguageToLanguageWithEngine__	translate can i use your phone to german from english with microsoft 	 o b-text_en i-text_en i-text_en i-text_en i-text_en o b-trg_lang_de o b-src_lang_en o b-translator
Translate__	TranslateTextFromLanguageToLanguageWithEngine__	translate i need a doctor to spanish from english with deepl 	 o b-text_en i-text_en i-text_en i-text_en o b-trg_lang_es o b-src_lang_en o b-translator
Translate__	TranslateTextFromLanguageToLanguageWithEngine__	translate stop thief to italian from english with yandex 	 o b-text_en i-text_en o b-trg_lang_it o b-src_lang_en o b-translator
Translate__	TranslateTextFromLanguageToLanguageWithEngine__	translate do you have any rooms available to french from english with google 	 o b-text_en i-text_en i-text_en i-text_en i-text_en i-text_en o b-trg_lang_fr o b-src_lang_en o b-translator
Translate__	TranslateTextFromLanguageToLanguageWithEngine__	translate pięć from polish to english with microsoft 	 o b-text_pl o b-src_lang_pl o b-trg_lang_en o b-translator
Translate__	TranslateTextFromLanguageToLanguageWithEngine__	translate październik from polish to german with deepl 	 o b-text_pl o b-src_lang_pl o b-trg_lang_de o b-translator
Translate__	TranslateTextFromLanguageToLanguageWithEngine__	translate prosto from polish to spanish with yandex 	 o b-text_pl o b-src_lang_pl o b-trg_lang_es o b-translator
Translate__	TranslateTextFromLanguageToLanguageWithEngine__	translate skręć w lewo from polish to italian with google 	 o b-text_pl i-text_pl i-text_pl o b-src_lang_pl o b-trg_lang_it o b-translator
Translate__	TranslateTextFromLanguageToLanguageWithEngine__	translate chleb from polish to french with microsoft 	 o b-text_pl o b-src_lang_pl o b-trg_lang_fr o b-translator
Translate__	TranslateTextFromLanguageToLanguageWithEngine__	translate nie mówię po polsku to english from polish with deepl 	 o b-text_pl i-text_pl i-text_pl i-text_pl o b-trg_lang_en o b-src_lang_pl o b-translator
Translate__	TranslateTextFromLanguageToLanguageWithEngine__	translate rzeka to german from polish with yandex 	 o b-text_pl o b-trg_lang_de o b-src_lang_pl o b-translator
Translate__	TranslateTextFromLanguageToLanguageWithEngine__	translate żółty to spanish from polish with google 	 o b-text_pl o b-trg_lang_es o b-src_lang_pl o b-translator
Translate__	TranslateTextFromLanguageToLanguageWithEngine__	translate łódź to italian from polish with microsoft 	 o b-text_pl o b-trg_lang_it o b-src_lang_pl o b-translator
Translate__	TranslateTextFromLanguageToLanguageWithEngine__	translate jestem ranny to french from polish with deepl 	 o b-text_pl i-text_pl o b-trg_lang_fr o b-src_lang_pl o b-translator
Translate__	TranslateTextFromLanguageToLanguageWithEngine__	translate braun from german to english with yandex 	 o b-text_de o b-src_lang_de o b-trg_lang_en o b-translator
Translate__	TranslateTextFromLanguageToLanguageWithEngine__	translate ich brauche einen arzt from german to polish with google 	 o b-text_de i-text_de i-text_de i-text_de o b-src_lang_de o b-trg_lang_pl o b-translator
Translate__	TranslateTextFromLanguageToLanguageWithEngine__	translate geradeaus from german to spanish with microsoft 	 o b-text_de o b-src_lang_de o b-trg_lang_es o b-translator
Translate__	TranslateTextFromLanguageToLanguageWithEngine__	translate kann ich eine tüte haben from german to italian with deepl 	 o b-text_de i-text_de i-text_de i-text_de i-text_de o b-src_lang_de o b-trg_lang_it o b-translator
Translate__	TranslateTextFromLanguageToLanguageWithEngine__	translate könnten sie es bitte nicht so fett machen from german to french with yandex 	 o b-text_de i-text_de i-text_de i-text_de i-text_de i-text_de i-text_de i-text_de o b-src_lang_de o b-trg_lang_fr o b-translator
Translate__	TranslateTextFromLanguageToLanguageWithEngine__	translate januar to english from german with google 	 o b-text_de o b-trg_lang_en o b-src_lang_de o b-translator
Translate__	TranslateTextFromLanguageToLanguageWithEngine__	translate sind noch zimmer frei to polish from german with microsoft 	 o b-text_de i-text_de i-text_de i-text_de o b-trg_lang_pl o b-src_lang_de o b-translator
Translate__	TranslateTextFromLanguageToLanguageWithEngine__	translate abendessen or abendbrot to spanish from german with deepl 	 o b-text_de i-text_de i-text_de o b-trg_lang_es o b-src_lang_de o b-translator
Translate__	TranslateTextFromLanguageToLanguageWithEngine__	translate märz to italian from german with yandex 	 o b-text_de o b-trg_lang_it o b-src_lang_de o b-translator
Translate__	TranslateTextFromLanguageToLanguageWithEngine__	translate einen fernseher to french from german with google 	 o b-text_de i-text_de o b-trg_lang_fr o b-src_lang_de o b-translator
Translate__	TranslateTextFromLanguageToLanguageWithEngine__	translate muchas gracias from spanish to polish with microsoft 	 o b-text_es i-text_es o b-src_lang_es o b-trg_lang_pl o b-translator
Translate__	TranslateTextFromLanguageToLanguageWithEngine__	translate cómo puedo llegar a el aeropuerto from spanish to german with deepl 	 o b-text_es i-text_es i-text_es i-text_es i-text_es i-text_es o b-src_lang_es o b-trg_lang_de o b-translator
Translate__	TranslateTextFromLanguageToLanguageWithEngine__	translate octubre from spanish to english with yandex 	 o b-text_es o b-src_lang_es o b-trg_lang_en o b-translator
Translate__	TranslateTextFromLanguageToLanguageWithEngine__	translate necesito papel para escribir from spanish to italian with google 	 o b-text_es i-text_es i-text_es i-text_es o b-src_lang_es o b-trg_lang_it o b-translator
Translate__	TranslateTextFromLanguageToLanguageWithEngine__	translate necesito baterías from spanish to french with microsoft 	 o b-text_es i-text_es o b-src_lang_es o b-trg_lang_fr o b-translator
Translate__	TranslateTextFromLanguageToLanguageWithEngine__	translate a la una de la tarde to polish from spanish with deepl 	 o b-text_es i-text_es i-text_es i-text_es i-text_es i-text_es o b-trg_lang_pl o b-src_lang_es o b-translator
Translate__	TranslateTextFromLanguageToLanguageWithEngine__	translate invierno to german from spanish with yandex 	 o b-text_es o b-trg_lang_de o b-src_lang_es o b-translator
Translate__	TranslateTextFromLanguageToLanguageWithEngine__	translate club soda to english from spanish with google 	 o b-text_es i-text_es o b-trg_lang_en o b-src_lang_es o b-translator
Translate__	TranslateTextFromLanguageToLanguageWithEngine__	translate comida de precio fijo to italian from spanish with microsoft 	 o b-text_es i-text_es i-text_es i-text_es o b-trg_lang_it o b-src_lang_es o b-translator
Translate__	TranslateTextFromLanguageToLanguageWithEngine__	translate cuánto tiempo puedo aparcarme aquí to french from spanish with deepl 	 o b-text_es i-text_es i-text_es i-text_es i-text_es o b-trg_lang_fr o b-src_lang_es o b-translator
Translate__	TranslateTextFromLanguageToLanguageWithEngine__	translate una soda from italian to polish with yandex 	 o b-text_it i-text_it o b-src_lang_it o b-trg_lang_pl o b-translator
Translate__	TranslateTextFromLanguageToLanguageWithEngine__	translate ho perso la mia borsa from italian to german with google 	 o b-text_it i-text_it i-text_it i-text_it i-text_it o b-src_lang_it o b-trg_lang_de o b-translator
Translate__	TranslateTextFromLanguageToLanguageWithEngine__	translate settembre from italian to spanish with microsoft 	 o b-text_it o b-src_lang_it o b-trg_lang_es o b-translator
Translate__	TranslateTextFromLanguageToLanguageWithEngine__	translate insalata from italian to english with deepl 	 o b-text_it o b-src_lang_it o b-trg_lang_en o b-translator
Translate__	TranslateTextFromLanguageToLanguageWithEngine__	translate destra from italian to french with yandex 	 o b-text_it o b-src_lang_it o b-trg_lang_fr o b-translator
Translate__	TranslateTextFromLanguageToLanguageWithEngine__	translate venerdì to polish from italian with google 	 o b-text_it o b-trg_lang_pl o b-src_lang_it o b-translator
Translate__	TranslateTextFromLanguageToLanguageWithEngine__	translate la birra to german from italian with microsoft 	 o b-text_it i-text_it o b-trg_lang_de o b-src_lang_it o b-translator
Translate__	TranslateTextFromLanguageToLanguageWithEngine__	translate viola to spanish from italian with deepl 	 o b-text_it o b-trg_lang_es o b-src_lang_it o b-translator
Translate__	TranslateTextFromLanguageToLanguageWithEngine__	translate buona sera to english from italian with yandex 	 o b-text_it i-text_it o b-trg_lang_en o b-src_lang_it o b-translator
Translate__	TranslateTextFromLanguageToLanguageWithEngine__	translate meno to french from italian with google 	 o b-text_it o b-trg_lang_fr o b-src_lang_it o b-translator
Translate__	TranslateTextFromLanguageToLanguageWithEngine__	translate de la dulse from french to polish with microsoft 	 o b-text_fr i-text_fr i-text_fr o b-src_lang_fr o b-trg_lang_pl o b-translator
Translate__	TranslateTextFromLanguageToLanguageWithEngine__	translate une heure du matin from french to german with deepl 	 o b-text_fr i-text_fr i-text_fr i-text_fr o b-src_lang_fr o b-trg_lang_de o b-translator
Translate__	TranslateTextFromLanguageToLanguageWithEngine__	translate hebdomadaire from french to spanish with yandex 	 o b-text_fr o b-src_lang_fr o b-trg_lang_es o b-translator
Translate__	TranslateTextFromLanguageToLanguageWithEngine__	translate quarante from french to italian with google 	 o b-text_fr o b-src_lang_fr o b-trg_lang_it o b-translator
Translate__	TranslateTextFromLanguageToLanguageWithEngine__	translate eau gazeuse from french to english with microsoft 	 o b-text_fr i-text_fr o b-src_lang_fr o b-trg_lang_en o b-translator
Translate__	TranslateTextFromLanguageToLanguageWithEngine__	translate une pinte s'il vous plait to polish from french with deepl 	 o b-text_fr i-text_fr i-text_fr i-text_fr i-text_fr o b-trg_lang_pl o b-src_lang_fr o b-translator
Translate__	TranslateTextFromLanguageToLanguageWithEngine__	translate trois to german from french with yandex 	 o b-text_fr o b-trg_lang_de o b-src_lang_fr o b-translator
Translate__	TranslateTextFromLanguageToLanguageWithEngine__	translate j'ai besoin de revues en anglais to spanish from french with google 	 o b-text_fr i-text_fr i-text_fr i-text_fr i-text_fr i-text_fr o b-trg_lang_es o b-src_lang_fr o b-translator
Translate__	TranslateTextFromLanguageToLanguageWithEngine__	translate c'était délicieux to italian from french with microsoft 	 o b-text_fr i-text_fr o b-trg_lang_it o b-src_lang_fr o b-translator
Translate__	TranslateTextFromLanguageToLanguageWithEngine__	translate jaune to english from french with deepl 	 o b-text_fr o b-trg_lang_en o b-src_lang_fr o b-translator
Translate__	TranslateTextFromLanguageToLanguageWithEngine__	translation of green from english to polish with yandex 	 o o b-text_en o b-src_lang_en o b-trg_lang_pl o b-translator
Translate__	TranslateTextFromLanguageToLanguageWithEngine__	translation of may i have a glass of wine from english to german with google 	 o o b-text_en i-text_en i-text_en i-text_en i-text_en i-text_en i-text_en o b-src_lang_en o b-trg_lang_de o b-translator
Translate__	TranslateTextFromLanguageToLanguageWithEngine__	translation of i need a razor from english to spanish with microsoft 	 o o b-text_en i-text_en i-text_en i-text_en o b-src_lang_en o b-trg_lang_es o b-translator
Translate__	TranslateTextFromLanguageToLanguageWithEngine__	translation of half a liter please from english to italian with deepl 	 o o b-text_en i-text_en i-text_en i-text_en o b-src_lang_en o b-trg_lang_it o b-translator
Translate__	TranslateTextFromLanguageToLanguageWithEngine__	translation of what is the exchange rate from english to french with yandex 	 o o b-text_en i-text_en i-text_en i-text_en i-text_en o b-src_lang_en o b-trg_lang_fr o b-translator
Translate__	TranslateTextFromLanguageToLanguageWithEngine__	translation of breakfast to polish from english with google 	 o o b-text_en o b-trg_lang_pl o b-src_lang_en o b-translator
Translate__	TranslateTextFromLanguageToLanguageWithEngine__	translation of i'm finished to german from english with microsoft 	 o o b-text_en i-text_en o b-trg_lang_de o b-src_lang_en o b-translator
Translate__	TranslateTextFromLanguageToLanguageWithEngine__	translation of am i under arrest to spanish from english with deepl 	 o o b-text_en i-text_en i-text_en i-text_en o b-trg_lang_es o b-src_lang_en o b-translator
Translate__	TranslateTextFromLanguageToLanguageWithEngine__	translation of my name is nico to italian from english with yandex 	 o o b-text_en i-text_en i-text_en i-text_en o b-trg_lang_it o b-src_lang_en o b-translator
Translate__	TranslateTextFromLanguageToLanguageWithEngine__	translation of south to french from english with google 	 o o b-text_en o b-trg_lang_fr o b-src_lang_en o b-translator
Translate__	TranslateTextFromLanguageToLanguageWithEngine__	translation of basen from polish to english with microsoft 	 o o b-text_pl o b-src_lang_pl o b-trg_lang_en o b-translator
Translate__	TranslateTextFromLanguageToLanguageWithEngine__	translation of paliwo from polish to german with deepl 	 o o b-text_pl o b-src_lang_pl o b-trg_lang_de o b-translator
Translate__	TranslateTextFromLanguageToLanguageWithEngine__	translation of stacja from polish to spanish with yandex 	 o o b-text_pl o b-src_lang_pl o b-trg_lang_es o b-translator
Translate__	TranslateTextFromLanguageToLanguageWithEngine__	translation of dzień dobry from polish to italian with google 	 o o b-text_pl i-text_pl o b-src_lang_pl o b-trg_lang_it o b-translator
Translate__	TranslateTextFromLanguageToLanguageWithEngine__	translation of wyjazd from polish to french with microsoft 	 o o b-text_pl o b-src_lang_pl o b-trg_lang_fr o b-translator
Translate__	TranslateTextFromLanguageToLanguageWithEngine__	translation of lipiec to english from polish with deepl 	 o o b-text_pl o b-trg_lang_en o b-src_lang_pl o b-translator
Translate__	TranslateTextFromLanguageToLanguageWithEngine__	translation of jutro to german from polish with yandex 	 o o b-text_pl o b-trg_lang_de o b-src_lang_pl o b-translator
Translate__	TranslateTextFromLanguageToLanguageWithEngine__	translation of potrzebuję parasol to spanish from polish with google 	 o o b-text_pl i-text_pl o b-trg_lang_es o b-src_lang_pl o b-translator
Translate__	TranslateTextFromLanguageToLanguageWithEngine__	translation of dobranoc to italian from polish with microsoft 	 o o b-text_pl o b-trg_lang_it o b-src_lang_pl o b-translator
Translate__	TranslateTextFromLanguageToLanguageWithEngine__	translation of parówką kiełbasą to french from polish with deepl 	 o o b-text_pl i-text_pl o b-trg_lang_fr o b-src_lang_pl o b-translator
Translate__	TranslateTextFromLanguageToLanguageWithEngine__	translation of ich kann nicht deutsch sprechen from german to english with yandex 	 o o b-text_de i-text_de i-text_de i-text_de i-text_de o b-src_lang_de o b-trg_lang_en o b-translator
Translate__	TranslateTextFromLanguageToLanguageWithEngine__	translation of danke schön from german to polish with google 	 o o b-text_de i-text_de o b-src_lang_de o b-trg_lang_pl o b-translator
Translate__	TranslateTextFromLanguageToLanguageWithEngine__	translation of tee from german to spanish with microsoft 	 o o b-text_de o b-src_lang_de o b-trg_lang_es o b-translator
Translate__	TranslateTextFromLanguageToLanguageWithEngine__	translation of nachmittag from german to italian with deepl 	 o o b-text_de o b-src_lang_de o b-trg_lang_it o b-translator
Translate__	TranslateTextFromLanguageToLanguageWithEngine__	translation of wo ist die toilette bitte from german to french with yandex 	 o o b-text_de i-text_de i-text_de i-text_de i-text_de o b-src_lang_de o b-trg_lang_fr o b-translator
Translate__	TranslateTextFromLanguageToLanguageWithEngine__	translation of schreibpapier to english from german with google 	 o o b-text_de o b-trg_lang_en o b-src_lang_de o b-translator
Translate__	TranslateTextFromLanguageToLanguageWithEngine__	translation of mitternacht to polish from german with microsoft 	 o o b-text_de o b-trg_lang_pl o b-src_lang_de o b-translator
Translate__	TranslateTextFromLanguageToLanguageWithEngine__	translation of hat das zimmer to spanish from german with deepl 	 o o b-text_de i-text_de i-text_de o b-trg_lang_es o b-src_lang_de o b-translator
Translate__	TranslateTextFromLanguageToLanguageWithEngine__	translation of einen regenschirm to italian from german with yandex 	 o o b-text_de i-text_de o b-trg_lang_it o b-src_lang_de o b-translator
Translate__	TranslateTextFromLanguageToLanguageWithEngine__	translation of batterien to french from german with google 	 o o b-text_de o b-trg_lang_fr o b-src_lang_de o b-translator
Translate__	TranslateTextFromLanguageToLanguageWithEngine__	translation of podría usted repetir eso por favor from spanish to polish with microsoft 	 o o b-text_es i-text_es i-text_es i-text_es i-text_es i-text_es o b-src_lang_es o b-trg_lang_pl o b-translator
Translate__	TranslateTextFromLanguageToLanguageWithEngine__	translation of sirven alcohol from spanish to german with deepl 	 o o b-text_es i-text_es o b-src_lang_es o b-trg_lang_de o b-translator
Translate__	TranslateTextFromLanguageToLanguageWithEngine__	translation of ahora from spanish to english with yandex 	 o o b-text_es o b-src_lang_es o b-trg_lang_en o b-translator
Translate__	TranslateTextFromLanguageToLanguageWithEngine__	translation of un millón from spanish to italian with google 	 o o b-text_es i-text_es o b-src_lang_es o b-trg_lang_it o b-translator
Translate__	TranslateTextFromLanguageToLanguageWithEngine__	translation of rojo from spanish to french with microsoft 	 o o b-text_es o b-src_lang_es o b-trg_lang_fr o b-translator
Translate__	TranslateTextFromLanguageToLanguageWithEngine__	translation of okay lo cojo to polish from spanish with deepl 	 o o b-text_es i-text_es i-text_es o b-trg_lang_pl o b-src_lang_es o b-translator
Translate__	TranslateTextFromLanguageToLanguageWithEngine__	translation of señora to german from spanish with yandex 	 o o b-text_es o b-trg_lang_de o b-src_lang_es o b-translator
Translate__	TranslateTextFromLanguageToLanguageWithEngine__	translation of aceptan tarjetas de crédito to english from spanish with google 	 o o b-text_es i-text_es i-text_es i-text_es o b-trg_lang_en o b-src_lang_es o b-translator
Translate__	TranslateTextFromLanguageToLanguageWithEngine__	translation of el pollo to italian from spanish with microsoft 	 o o b-text_es i-text_es o b-trg_lang_it o b-src_lang_es o b-translator
Translate__	TranslateTextFromLanguageToLanguageWithEngine__	translation of auto to french from spanish with deepl 	 o o b-text_es o b-trg_lang_fr o b-src_lang_es o b-translator
Translate__	TranslateTextFromLanguageToLanguageWithEngine__	translation of certamente from italian to polish with yandex 	 o o b-text_it o b-src_lang_it o b-trg_lang_pl o b-translator
Translate__	TranslateTextFromLanguageToLanguageWithEngine__	translation of il vino rosso from italian to german with google 	 o o b-text_it i-text_it i-text_it o b-src_lang_it o b-trg_lang_de o b-translator
Translate__	TranslateTextFromLanguageToLanguageWithEngine__	translation of ho finito from italian to spanish with microsoft 	 o o b-text_it i-text_it o b-src_lang_it o b-trg_lang_es o b-translator
Translate__	TranslateTextFromLanguageToLanguageWithEngine__	translation of giri a destra from italian to english with deepl 	 o o b-text_it i-text_it i-text_it o b-src_lang_it o b-trg_lang_en o b-translator
Translate__	TranslateTextFromLanguageToLanguageWithEngine__	translation of sosta vietata from italian to french with yandex 	 o o b-text_it i-text_it o b-src_lang_it o b-trg_lang_fr o b-translator
Translate__	TranslateTextFromLanguageToLanguageWithEngine__	translation of la prima colazione to polish from italian with google 	 o o b-text_it i-text_it i-text_it o b-trg_lang_pl o b-src_lang_it o b-translator
Translate__	TranslateTextFromLanguageToLanguageWithEngine__	translation of salve to german from italian with microsoft 	 o o b-text_it o b-trg_lang_de o b-src_lang_it o b-translator
Translate__	TranslateTextFromLanguageToLanguageWithEngine__	translation of non mangio il manzo to spanish from italian with deepl 	 o o b-text_it i-text_it i-text_it i-text_it o b-trg_lang_es o b-src_lang_it o b-translator
Translate__	TranslateTextFromLanguageToLanguageWithEngine__	translation of posso prima vedere la stanza to english from italian with yandex 	 o o b-text_it i-text_it i-text_it i-text_it i-text_it o b-trg_lang_en o b-src_lang_it o b-translator
Translate__	TranslateTextFromLanguageToLanguageWithEngine__	translation of il succo to french from italian with google 	 o o b-text_it i-text_it o b-trg_lang_fr o b-src_lang_it o b-translator
Translate__	TranslateTextFromLanguageToLanguageWithEngine__	translation of soda from french to polish with microsoft 	 o o b-text_fr o b-src_lang_fr o b-trg_lang_pl o b-translator
Translate__	TranslateTextFromLanguageToLanguageWithEngine__	translation of j'ai besoin d'une ombrelle from french to german with deepl 	 o o b-text_fr i-text_fr i-text_fr i-text_fr o b-src_lang_fr o b-trg_lang_de o b-translator
Translate__	TranslateTextFromLanguageToLanguageWithEngine__	translation of café from french to spanish with yandex 	 o o b-text_fr o b-src_lang_fr o b-trg_lang_es o b-translator
Translate__	TranslateTextFromLanguageToLanguageWithEngine__	translation of où puis-je changer un traveler's chèque from french to italian with google 	 o o b-text_fr i-text_fr i-text_fr i-text_fr i-text_fr i-text_fr o b-src_lang_fr o b-trg_lang_it o b-translator
Translate__	TranslateTextFromLanguageToLanguageWithEngine__	translation of un million from french to english with microsoft 	 o o b-text_fr i-text_fr o b-src_lang_fr o b-trg_lang_en o b-translator
Translate__	TranslateTextFromLanguageToLanguageWithEngine__	translation of où puis-je faire le change to polish from french with deepl 	 o o b-text_fr i-text_fr i-text_fr i-text_fr i-text_fr o b-trg_lang_pl o b-src_lang_fr o b-translator
Translate__	TranslateTextFromLanguageToLanguageWithEngine__	translation of j'ai besoin an umbrella to german from french with yandex 	 o o b-text_fr i-text_fr i-text_fr i-text_fr o b-trg_lang_de o b-src_lang_fr o b-translator
Translate__	TranslateTextFromLanguageToLanguageWithEngine__	translation of laissez-moi tranquille to spanish from french with google 	 o o b-text_fr i-text_fr o b-trg_lang_es o b-src_lang_fr o b-translator
Translate__	TranslateTextFromLanguageToLanguageWithEngine__	translation of une salade to italian from french with microsoft 	 o o b-text_fr i-text_fr o b-trg_lang_it o b-src_lang_fr o b-translator
Translate__	TranslateTextFromLanguageToLanguageWithEngine__	translation of jeudi to english from french with deepl 	 o o b-text_fr o b-trg_lang_en o b-src_lang_fr o b-translator
Translate__	TranslateTextFromLanguageToLanguageWithEngine__	the translation of where does this train go from english to polish with yandex 	 o o o b-text_en i-text_en i-text_en i-text_en i-text_en o b-src_lang_en o b-trg_lang_pl o b-translator
Translate__	TranslateTextFromLanguageToLanguageWithEngine__	the translation of straight ahead from english to german with google 	 o o o b-text_en i-text_en o b-src_lang_en o b-trg_lang_de o b-translator
Translate__	TranslateTextFromLanguageToLanguageWithEngine__	the translation of orange from english to spanish with microsoft 	 o o o b-text_en o b-src_lang_en o b-trg_lang_es o b-translator
Translate__	TranslateTextFromLanguageToLanguageWithEngine__	the translation of i need a toothbrush from english to italian with deepl 	 o o o b-text_en i-text_en i-text_en i-text_en o b-src_lang_en o b-trg_lang_it o b-translator
Translate__	TranslateTextFromLanguageToLanguageWithEngine__	the translation of don't touch me from english to french with yandex 	 o o o b-text_en i-text_en i-text_en o b-src_lang_en o b-trg_lang_fr o b-translator
Translate__	TranslateTextFromLanguageToLanguageWithEngine__	the translation of how are you to polish from english with google 	 o o o b-text_en i-text_en i-text_en o b-trg_lang_pl o b-src_lang_en o b-translator
Translate__	TranslateTextFromLanguageToLanguageWithEngine__	the translation of excuse me to german from english with microsoft 	 o o o b-text_en i-text_en o b-trg_lang_de o b-src_lang_en o b-translator
Translate__	TranslateTextFromLanguageToLanguageWithEngine__	the translation of the day before yesterday to spanish from english with deepl 	 o o o b-text_en i-text_en i-text_en i-text_en o b-trg_lang_es o b-src_lang_en o b-translator
Translate__	TranslateTextFromLanguageToLanguageWithEngine__	the translation of chicken to italian from english with yandex 	 o o o b-text_en o b-trg_lang_it o b-src_lang_en o b-translator
Translate__	TranslateTextFromLanguageToLanguageWithEngine__	the translation of where can i get money changed to french from english with google 	 o o o b-text_en i-text_en i-text_en i-text_en i-text_en i-text_en o b-trg_lang_fr o b-src_lang_en o b-translator
Translate__	TranslateTextFromLanguageToLanguageWithEngine__	the translation of sałatkę from polish to english with microsoft 	 o o o b-text_pl o b-src_lang_pl o b-trg_lang_en o b-translator
Translate__	TranslateTextFromLanguageToLanguageWithEngine__	the translation of czy mogę zadzwonić from polish to german with deepl 	 o o o b-text_pl i-text_pl i-text_pl o b-src_lang_pl o b-trg_lang_de o b-translator
Translate__	TranslateTextFromLanguageToLanguageWithEngine__	the translation of kwiecień from polish to spanish with yandex 	 o o o b-text_pl o b-src_lang_pl o b-trg_lang_es o b-translator
Translate__	TranslateTextFromLanguageToLanguageWithEngine__	the translation of kurczaka from polish to italian with google 	 o o o b-text_pl o b-src_lang_pl o b-trg_lang_it o b-translator
Translate__	TranslateTextFromLanguageToLanguageWithEngine__	the translation of dziękuję from polish to french with microsoft 	 o o o b-text_pl o b-src_lang_pl o b-trg_lang_fr o b-translator
Translate__	TranslateTextFromLanguageToLanguageWithEngine__	the translation of sto to english from polish with deepl 	 o o o b-text_pl o b-trg_lang_en o b-src_lang_pl o b-translator
Translate__	TranslateTextFromLanguageToLanguageWithEngine__	the translation of dokąd mnie zabieracie to german from polish with yandex 	 o o o b-text_pl i-text_pl i-text_pl o b-trg_lang_de o b-src_lang_pl o b-translator
Translate__	TranslateTextFromLanguageToLanguageWithEngine__	the translation of za drogo to spanish from polish with google 	 o o o b-text_pl i-text_pl o b-trg_lang_es o b-src_lang_pl o b-translator
Translate__	TranslateTextFromLanguageToLanguageWithEngine__	the translation of potrzebuję mydło to italian from polish with microsoft 	 o o o b-text_pl i-text_pl o b-trg_lang_it o b-src_lang_pl o b-translator
Translate__	TranslateTextFromLanguageToLanguageWithEngine__	the translation of pod górę to french from polish with deepl 	 o o o b-text_pl i-text_pl o b-trg_lang_fr o b-src_lang_pl o b-translator
Translate__	TranslateTextFromLanguageToLanguageWithEngine__	the translation of gerne from german to english with yandex 	 o o o b-text_de o b-src_lang_de o b-trg_lang_en o b-translator
Translate__	TranslateTextFromLanguageToLanguageWithEngine__	the translation of jetzt from german to polish with google 	 o o o b-text_de o b-src_lang_de o b-trg_lang_pl o b-translator
Translate__	TranslateTextFromLanguageToLanguageWithEngine__	the translation of ich habe mich verirrt from german to spanish with microsoft 	 o o o b-text_de i-text_de i-text_de i-text_de o b-src_lang_de o b-trg_lang_es o b-translator
Translate__	TranslateTextFromLanguageToLanguageWithEngine__	the translation of etwas gegen erkältung from german to italian with deepl 	 o o o b-text_de i-text_de i-text_de o b-src_lang_de o b-trg_lang_it o b-translator
Translate__	TranslateTextFromLanguageToLanguageWithEngine__	the translation of links from german to french with yandex 	 o o o b-text_de o b-src_lang_de o b-trg_lang_fr o b-translator
Translate__	TranslateTextFromLanguageToLanguageWithEngine__	the translation of ein badezimmer to english from german with google 	 o o o b-text_de i-text_de o b-trg_lang_en o b-src_lang_de o b-translator
Translate__	TranslateTextFromLanguageToLanguageWithEngine__	the translation of zur stadtmitte to polish from german with microsoft 	 o o o b-text_de i-text_de o b-trg_lang_pl o b-src_lang_de o b-translator
Translate__	TranslateTextFromLanguageToLanguageWithEngine__	the translation of ich habe mein portemonnaie verloren to spanish from german with deepl 	 o o o b-text_de i-text_de i-text_de i-text_de i-text_de o b-trg_lang_es o b-src_lang_de o b-translator
Translate__	TranslateTextFromLanguageToLanguageWithEngine__	the translation of heute to italian from german with yandex 	 o o o b-text_de o b-trg_lang_it o b-src_lang_de o b-translator
Translate__	TranslateTextFromLanguageToLanguageWithEngine__	the translation of bohnen to french from german with google 	 o o o b-text_de o b-trg_lang_fr o b-src_lang_de o b-translator
Translate__	TranslateTextFromLanguageToLanguageWithEngine__	the translation of a mediodía from spanish to polish with microsoft 	 o o o b-text_es i-text_es o b-src_lang_es o b-trg_lang_pl o b-translator
Translate__	TranslateTextFromLanguageToLanguageWithEngine__	the translation of cómo puedo llegar a el albergue juvenil from spanish to german with deepl 	 o o o b-text_es i-text_es i-text_es i-text_es i-text_es i-text_es i-text_es o b-src_lang_es o b-trg_lang_de o b-translator
Translate__	TranslateTextFromLanguageToLanguageWithEngine__	the translation of marrón from spanish to english with yandex 	 o o o b-text_es o b-src_lang_es o b-trg_lang_en o b-translator
Translate__	TranslateTextFromLanguageToLanguageWithEngine__	the translation of se dispone de habitaciones libres from spanish to italian with google 	 o o o b-text_es i-text_es i-text_es i-text_es i-text_es o b-src_lang_es o b-trg_lang_it o b-translator
Translate__	TranslateTextFromLanguageToLanguageWithEngine__	the translation of cuando es la hora de cerrar from spanish to french with microsoft 	 o o o b-text_es i-text_es i-text_es i-text_es i-text_es i-text_es o b-src_lang_es o b-trg_lang_fr o b-translator
Translate__	TranslateTextFromLanguageToLanguageWithEngine__	the translation of abril to polish from spanish with deepl 	 o o o b-text_es o b-trg_lang_pl o b-src_lang_es o b-translator
Translate__	TranslateTextFromLanguageToLanguageWithEngine__	the translation of taxi to german from spanish with yandex 	 o o o b-text_es o b-trg_lang_de o b-src_lang_es o b-translator
Translate__	TranslateTextFromLanguageToLanguageWithEngine__	the translation of agosto to english from spanish with google 	 o o o b-text_es o b-trg_lang_en o b-src_lang_es o b-translator
Translate__	TranslateTextFromLanguageToLanguageWithEngine__	the translation of salud to italian from spanish with microsoft 	 o o o b-text_es o b-trg_lang_it o b-src_lang_es o b-translator
Translate__	TranslateTextFromLanguageToLanguageWithEngine__	the translation of otra ronda por favor to french from spanish with deepl 	 o o o b-text_es i-text_es i-text_es i-text_es o b-trg_lang_fr o b-src_lang_es o b-translator
Translate__	TranslateTextFromLanguageToLanguageWithEngine__	the translation of ieri from italian to polish with yandex 	 o o o b-text_it o b-src_lang_it o b-trg_lang_pl o b-translator
Translate__	TranslateTextFromLanguageToLanguageWithEngine__	the translation of ho bisogno di libri in inglese from italian to german with google 	 o o o b-text_it i-text_it i-text_it i-text_it i-text_it i-text_it o b-src_lang_it o b-trg_lang_de o b-translator
Translate__	TranslateTextFromLanguageToLanguageWithEngine__	the translation of non posso permettermelo from italian to spanish with microsoft 	 o o o b-text_it i-text_it i-text_it o b-src_lang_it o b-trg_lang_es o b-translator
Translate__	TranslateTextFromLanguageToLanguageWithEngine__	the translation of avete questo nella mia taglia from italian to english with deepl 	 o o o b-text_it i-text_it i-text_it i-text_it i-text_it o b-src_lang_it o b-trg_lang_en o b-translator
Translate__	TranslateTextFromLanguageToLanguageWithEngine__	the translation of incrocio from italian to french with yandex 	 o o o b-text_it o b-src_lang_it o b-trg_lang_fr o b-translator
Translate__	TranslateTextFromLanguageToLanguageWithEngine__	the translation of ho bisogno di una penna to polish from italian with google 	 o o o b-text_it i-text_it i-text_it i-text_it i-text_it o b-trg_lang_pl o b-src_lang_it o b-translator
Translate__	TranslateTextFromLanguageToLanguageWithEngine__	the translation of ventidue to german from italian with microsoft 	 o o o b-text_it o b-trg_lang_de o b-src_lang_it o b-translator
Translate__	TranslateTextFromLanguageToLanguageWithEngine__	the translation of potete suggerirmi un altro hotel to spanish from italian with deepl 	 o o o b-text_it i-text_it i-text_it i-text_it i-text_it o b-trg_lang_es o b-src_lang_it o b-translator
Translate__	TranslateTextFromLanguageToLanguageWithEngine__	the translation of quant'è il cambio to english from italian with yandex 	 o o o b-text_it i-text_it i-text_it o b-trg_lang_en o b-src_lang_it o b-translator
Translate__	TranslateTextFromLanguageToLanguageWithEngine__	the translation of al fuoco to french from italian with google 	 o o o b-text_it i-text_it o b-trg_lang_fr o b-src_lang_it o b-translator
Translate__	TranslateTextFromLanguageToLanguageWithEngine__	the translation of quelle heure est-il from french to polish with microsoft 	 o o o b-text_fr i-text_fr i-text_fr o b-src_lang_fr o b-trg_lang_pl o b-translator
Translate__	TranslateTextFromLanguageToLanguageWithEngine__	the translation of des escargots from french to german with deepl 	 o o o b-text_fr i-text_fr o b-src_lang_fr o b-trg_lang_de o b-translator
Translate__	TranslateTextFromLanguageToLanguageWithEngine__	the translation of s'il vous plaît monsieur from french to spanish with yandex 	 o o o b-text_fr i-text_fr i-text_fr i-text_fr o b-src_lang_fr o b-trg_lang_es o b-translator
Translate__	TranslateTextFromLanguageToLanguageWithEngine__	the translation of servez-vous des boissons alcoolisées from french to italian with google 	 o o o b-text_fr i-text_fr i-text_fr i-text_fr o b-src_lang_fr o b-trg_lang_it o b-translator
Translate__	TranslateTextFromLanguageToLanguageWithEngine__	the translation of à quelle heure fermez-vous from french to english with microsoft 	 o o o b-text_fr i-text_fr i-text_fr i-text_fr o b-src_lang_fr o b-trg_lang_en o b-translator
Translate__	TranslateTextFromLanguageToLanguageWithEngine__	the translation of annuel to polish from french with deepl 	 o o o b-text_fr o b-trg_lang_pl o b-src_lang_fr o b-translator
Translate__	TranslateTextFromLanguageToLanguageWithEngine__	the translation of de l'eau to german from french with yandex 	 o o o b-text_fr i-text_fr o b-trg_lang_de o b-src_lang_fr o b-translator
Translate__	TranslateTextFromLanguageToLanguageWithEngine__	the translation of à la nuit to spanish from french with google 	 o o o b-text_fr i-text_fr i-text_fr o b-trg_lang_es o b-src_lang_fr o b-translator
Translate__	TranslateTextFromLanguageToLanguageWithEngine__	the translation of j'ai été violé to italian from french with microsoft 	 o o o b-text_fr i-text_fr i-text_fr o b-trg_lang_it o b-src_lang_fr o b-translator
Translate__	TranslateTextFromLanguageToLanguageWithEngine__	the translation of au secours to english from french with deepl 	 o o o b-text_fr i-text_fr o b-trg_lang_en o b-src_lang_fr o b-translator
Translate__	TranslateToLanguage__	translate to polish 	 o o b-trg_lang_general
Translate__	TranslateToLanguage__	a translation to german 	 o o o b-trg_lang_general
Translate__	TranslateTextFromLanguage__	translate please clean my room from english 	 o b-text_en i-text_en i-text_en i-text_en o b-src_lang_en
Translate__	TranslateTextFromLanguage__	translate english sentence salad 	 o b-src_lang_en o b-text_en
Translate__	TranslateTextFromLanguage__	translate tost from polish 	 o b-text_pl o b-src_lang_pl
Translate__	TranslateTextFromLanguage__	translate polish sentence napiwek 	 o b-src_lang_pl o b-text_pl
Translate__	TranslateTextFromLanguage__	translate cómo se llama usted from spanish 	 o b-text_es i-text_es i-text_es i-text_es o b-src_lang_es
Translate__	TranslateTextFromLanguage__	translate spanish sentence zero 	 o b-src_lang_es o b-text_es
Translate__	TranslateTextFromLanguage__	translate fünf from german 	 o b-text_de o b-src_lang_de
Translate__	TranslateTextFromLanguage__	translate german sentence gut danke 	 o b-src_lang_de o b-text_de i-text_de
Translate__	TranslateTextFromLanguage__	translate economico from italian 	 o b-text_it o b-src_lang_it
Translate__	TranslateTextFromLanguage__	translate italian sentence ho bisogno di sapone 	 o b-src_lang_it o b-text_it i-text_it i-text_it i-text_it
Translate__	TranslateTextFromLanguage__	translate pouvez-vous me faire le change sur un traveler's chèque from french 	 o b-text_fr i-text_fr i-text_fr i-text_fr i-text_fr i-text_fr i-text_fr i-text_fr i-text_fr o b-src_lang_fr
Translate__	TranslateTextFromLanguage__	translate french sentence du jambon 	 o b-src_lang_fr o b-text_fr i-text_fr
Translate__	TranslateTextFromLanguage__	translation of is there a local specialty from english 	 o o b-text_en i-text_en i-text_en i-text_en i-text_en o b-src_lang_en
Translate__	TranslateTextFromLanguage__	translation of english sentence expensive 	 o o b-src_lang_en o b-text_en
Translate__	TranslateTextFromLanguage__	translation of jak się masz from polish 	 o o b-text_pl i-text_pl i-text_pl o b-src_lang_pl
Translate__	TranslateTextFromLanguage__	translation of polish sentence jeden 	 o o b-src_lang_pl o b-text_pl
Translate__	TranslateTextFromLanguage__	translation of necesito un cepillo de dientes from spanish 	 o o b-text_es i-text_es i-text_es i-text_es i-text_es o b-src_lang_es
Translate__	TranslateTextFromLanguage__	translation of spanish sentence necesito medicina para el estómago 	 o o b-src_lang_es o b-text_es i-text_es i-text_es i-text_es i-text_es
Translate__	TranslateTextFromLanguage__	translation of kann ich dein telefon benutzen from german 	 o o b-text_de i-text_de i-text_de i-text_de i-text_de o b-src_lang_de
Translate__	TranslateTextFromLanguage__	translation of german sentence bier 	 o o b-src_lang_de o b-text_de
Translate__	TranslateTextFromLanguage__	translation of ho perso il mio portafoglio from italian 	 o o b-text_it i-text_it i-text_it i-text_it i-text_it o b-src_lang_it
Translate__	TranslateTextFromLanguage__	translation of italian sentence un altro per favore 	 o o b-src_lang_it o b-text_it i-text_it i-text_it i-text_it
Translate__	TranslateTextFromLanguage__	translation of où puis-je trouver un distributeur de billets from french 	 o o b-text_fr i-text_fr i-text_fr i-text_fr i-text_fr i-text_fr i-text_fr o b-src_lang_fr
Translate__	TranslateTextFromLanguage__	translation of french sentence j'ai besoin d'un médecin 	 o o b-src_lang_fr o b-text_fr i-text_fr i-text_fr i-text_fr
Translate__	TranslateTextFromLanguage__	the translation of you're cheating me from english 	 o o o b-text_en i-text_en i-text_en o b-src_lang_en
Translate__	TranslateTextFromLanguage__	the translation of english sentence north 	 o o o b-src_lang_en o b-text_en
Translate__	TranslateTextFromLanguage__	the translation of centrum miasta from polish 	 o o o b-text_pl i-text_pl o b-src_lang_pl
Translate__	TranslateTextFromLanguage__	the translation of polish sentence samolot 	 o o o b-src_lang_pl o b-text_pl
Translate__	TranslateTextFromLanguage__	the translation of una botella por favor from spanish 	 o o o b-text_es i-text_es i-text_es i-text_es o b-src_lang_es
Translate__	TranslateTextFromLanguage__	the translation of spanish sentence necesito una tarjeta postal 	 o o o b-src_lang_es o b-text_es i-text_es i-text_es i-text_es
Translate__	TranslateTextFromLanguage__	the translation of wasser from german 	 o o o b-text_de o b-src_lang_de
Translate__	TranslateTextFromLanguage__	the translation of german sentence wo ist ein geldautomat 	 o o o b-src_lang_de o b-text_de i-text_de i-text_de i-text_de
Translate__	TranslateTextFromLanguage__	the translation of mattino from italian 	 o o o b-text_it o b-src_lang_it
Translate__	TranslateTextFromLanguage__	the translation of italian sentence ho una domanda 	 o o o b-src_lang_it o b-text_it i-text_it i-text_it
Translate__	TranslateTextFromLanguage__	the translation of de la langouste from french 	 o o o b-text_fr i-text_fr i-text_fr o b-src_lang_fr
Translate__	TranslateTextFromLanguage__	the translation of french sentence dimanche 	 o o o b-src_lang_fr o b-text_fr
Translate__	DetectLanguage__	language of i want to rent a car 	 o o b-text_multi i-text_multi i-text_multi i-text_multi i-text_multi i-text_multi
Translate__	DetectLanguage__	language of adiós is written in 	 o o b-text_multi o o o
Translate__	DetectLanguage__	the language of sausage 	 o o o b-text_multi
Translate__	DetectLanguage__	the language of julio is written in 	 o o o b-text_multi o o o
Translate__	DetectLanguage__	detect language of i need postage stamps 	 o o o b-text_multi i-text_multi i-text_multi i-text_multi
Translate__	DetectLanguage__	detect language of podría usted hablar más lento por favor is written in 	 o o o b-text_multi i-text_multi i-text_multi i-text_multi i-text_multi i-text_multi i-text_multi o o o
Translate__	DetectLanguage__	detect the language of grigio 	 o o o o b-text_multi
Translate__	DetectLanguage__	detect the language of today is written in 	 o o o o b-text_multi o o o
Translate__	DetectLanguage__	detect what language lunch 	 o o o b-text_multi
Translate__	DetectLanguage__	detect what language mille is written in 	 o o o b-text_multi o o o
